movie_id,tweets
68646,"RT @AlexisLe1609: My own universe: Mafia #Sett and Mafia #Aphelios inspired by The Godfather (1972).

#LeagueOfLegends #ArtofLegends https:‚Ä¶"
68646,"RT @peterkidder: The Godfather(1972)playing in Theater. https://t.co/UUSojgMVSs"
68646,"RT @frekansserbest: Al Pacino, ‚ÄúThe Godfather‚Äù setinde. (1972) https://t.co/HJVcjF0rYE"
75314,"RT @bo_chini: Taxi Driver (1976)
Director: Martin Scorsese
R   |  114 min   |  Crime, Drama

A mentally unstable veteran works as a nightti‚Ä¶"
75314,"Taxi Driver (1976)
Dir. Martin Scorsese https://t.co/dTTz0zqUza"
75314,"In Hollywood
1. TAXI DRIVER (1976)
2. The Equalizer
3. 8 mile https://t.co/Z5f6YiWqH2"
75314,"RT @Mov11eMag: Taxi Driver (1976) https://t.co/3M6dk3rxYA"
75314,"Weekend weather with Robert De Niro: https://t.co/CjMuej2NAt
For his iconic performance as Travis Bickle in the 197‚Ä¶ https://t.co/CRoh8bDOFp"
75314,"The pessimist sees difficulty in every opportunity. The optimist sees the opportunity in every difficulty.

- Col‚Ä¶ https://t.co/pUNLXTHs1f"
76759,"RT @MovieKessler: Anyone Lived in a Pretty How Town (1967)  dir. George Lucas
6.18.67 (1967)  dir. George Lucas
THX 1138 (1971)  dir. Georg‚Ä¶"
76759,"Star Wars (1977) https://t.co/yxRnZZidBy"
76759,"@john_gradoville In addition, the twin Extinction-Level-Events called Star Wars and Sword of Shannara hit in 19‚Ä¶ https://t.co/lHRrhA1zMx"
76759,"RT @richard_littler: Star Wars vinyl 1977/1978. For many years, until the advent of home video (which I didn't get until the mid 80s), this‚Ä¶"
76759,"RT @TheAgeOfBatman: Disney need to release the rough cut of Star Wars 1977"
76759,"RT @Gallifrey_GaryK: Advance movie poster artwork for the original US release of ‚ÄòStar Wars‚Äô (1977).
#movies #scifi #film #movieposter #Sta‚Ä¶"
76759,"Today we're making our annual visit to a galaxy, far, far away for George Lucas' blockbuster 1977 space-adventure c‚Ä¶ https://t.co/23hPXr2ngB"
76759,"@prongsrom Star Wars came out in 1977 and it‚Äôs still going"
76759,"RT @Drumdums: May the 4th be with you! In this special edition (get it) of 10 Questions, we're going to a galaxy far far away to TEST YOU‚Ä¶"
76759,"RT @NASA: In 1977, Star Wars introduced the two-sun, ‚Äúcircumbinary‚Äù planet Tatooine ‚Äî but astronomers didn‚Äôt know such solar systems existe‚Ä¶"
80684,"RT @perfectswshots: STAR WARS: EPISODE V - THE EMPIRE STRIKES BACK (1980)

VFX: ILM
Director of Photography: Peter Suschitzky
Director: Irv‚Ä¶"
80684,"RT @behind_pics: Star Wars Episode V: The Empire Strikes Back (1980) https://t.co/2vjH98FQ2O"
80684,"RT @behind_pics: Star Wars Episode V: The Empire Strikes Back (1980) https://t.co/DkkZoEm1jl"
80684,"Really enjoyed re-watching the outstanding Star Wars - Episode V: The Empire Strikes Back (1980) with some buds.‚Ä¶ https://t.co/5yILyNe1tz"
80684,"üé¨Star Wars: Episode V - The Empire Strikes Back (1980)üé¨ https://t.co/1A0WchfNAC"
86250,"RT @CINEMAGEMS: Scarface (1983) https://t.co/H7WwO5FqAl"
86250,"Scarface Official Trailer #1 - Robert Loggia Movie (1983) HD
Scarface (2021)
Watch: https://t.co/ZcsF5aTHbk‚Ä¶ https://t.co/t6xfE6HDK5"
86250,"Scarface(1983) https://t.co/Nia54X6lYl"
86250,"@ClimateWarrior7 She actually said it ü§™ü§™

Btw, de Villiers. If you spout that tosh in my presence you ain't the onl‚Ä¶ https://t.co/cTkUvr8rTa"
86250,"@Scarface___1983 Both"
86250,"@georgegalloway Enlighten me about Scottish politics as I'm a bit of a novice.

Who *should* have stood down but hu‚Ä¶ https://t.co/VbYRtUnj3P"
86250,"@IslingtonChap @Andrew_Adonis He's always been *my* PM ... it's time to make it official.

Let's make the proudest‚Ä¶ https://t.co/MOMku4XhbQ"
86250,"@georgegalloway I dunno the significance of that result but I do know Sturgeon has made a preemptive strike so it c‚Ä¶ https://t.co/UhLdPHDRyE"
86250,"@georgegalloway Have you ever watched @BBCNews in the wee small hours when they hastily cut short transatlantic int‚Ä¶ https://t.co/D4i5bURwex"
86250,"@WMcHBg Not really.

I reckon about 75% aren't even eligible to vote üòè

That's a conservative estimate, btw (pun intended, obvs)"
86250,"Every language except Vulcan üëá

#COVID19 #CoronaBollocks https://t.co/ygi5liwLtU"
86250,"@ItsJamesPKelly No, not in the slightest James. I rather watch a good film, rather than a terrible movie. Some of t‚Ä¶ https://t.co/CHPqtI4dow"
86250,"@BukiKatalin @MxMstrH @llamalavender @WhoWouldWinShow @AlmightyRay @Beorntheviking @JamesGavsie @delvin_cox‚Ä¶ https://t.co/85JyMfrvtG"
102926,"RT @flixiai: In the history of cinema, only three films have won #BestActor, #BestActress, #BestDirector, #BestScreenplay, and #BestFilm. üèÜ‚Ä¶"
102926,"Hannibal Lecter- Silence of the Lambs (1991) https://t.co/uAGRhKi9B6"
102926,"I rated The Silence of the Lambs (1991) 9/10  #IMDb  https://t.co/87voIbivm1"
102926,"Thirty years ago, a horror movie did the unthinkable and swept all the top honors at the Oscars. THE SILENCE OF THE‚Ä¶ https://t.co/L0cxo1P46r"
102926,"Self-complacency is fatal to progress.

- Julia Roberts,
The Silence of the Lambs (1991)"
102926,"RT @Quifergo: @Tvecinofavorito The silence of the lambs (Jonathan Demme, 1991) https://t.co/bX3AwjYg8I"
102926,"@MistrelofHorror To hell with silence of the lambs this sounds like the best movie of 1991"
102926,"RT @B7RDER: silence of the lambs (1991) https://t.co/Ze92P7M9GW"
102926,"RT @tompetty: ‚ÄòAmerican Girl‚Äô in The Silence of the Lambs, 1991 https://t.co/9o5qhwSPUx"
102926,"RT @thejonbutter: Silence of the Lambs (1991) dir. Jonathan Demme https://t.co/PQp0j5XfdN"
102926,"RT @bestofjfoster: Jodie Foster as Clarice Starling in The Silence of the Lambs (1991) https://t.co/l0J9qotpCI"
102926,"Silence of the Lambs (1991) dir. Jonathan Demme https://t.co/PQp0j5XfdN"
102926,"Fotasooooooo ü§©ü§©ü§© ‚ÄúThe Silence of the Lambs‚Äù (1991) @AnthonyHopkins üîù https://t.co/FqPNKLlukh"
108598,"@letterboxd The Last Blockbuster (2020), The Wrong Trousers (1993), A Close Shave (1995)"
110076,"RT @Abhinav_MadzFan: The range in roles that #MadhuriDixit ma'am and #ShahrukhKhan sir had portrayed in just one year i.e 1994 was more tha‚Ä¶"
110475,"Jim Carrey - The Mask, 1994  üíÉüèªüï∫üèª https://t.co/ARJJYgswzZ"
110475,"RT @MIUCClAMUSE: cameron diaz in the mask (1994) https://t.co/dAEGtpIsTg"
110475,"May 7, 2021: Scream

On this day in 1994, Munch‚Äôs painting ‚ÄúThe Scream‚Äù was recovered after being stolen three mont‚Ä¶ https://t.co/dyyHbGbuSS"
110475,"RT @CrashTheMask: Things are about to get... SMOKIN'!

The 1994 cult classic The Mask reinterpreted with characters from the Crash Bandicoo‚Ä¶"
110475,"Watching Jim Carreys hit 1994 film The Mask for the first time in like 50 years https://t.co/K0XYkRLGuG"
110475,"RT @themboydeerdog: i find it kinda funny, 
i find it kinda sad. 
jim carrey 1994 blockbuster film the mask"
110475,"FYI: The Mask (1994) is streaming free on YouTube rn"
110475,"My ‚òÖ‚òÖ‚òÖ review of The Mask on @letterboxd: https://t.co/V6psaMWTAD"
110475,"RT @Lunachique: @StevenRayMorris We saw the midnight premiere in 1994.  We went with my friend and her brothers.  They made their own costu‚Ä¶"
110475,"@StevenRayMorris We saw the midnight premiere in 1994.  We went with my friend and her brothers.  They made their o‚Ä¶ https://t.co/XeYQBlH4RW"
110475,"@TheCinemaTicket The Mask 1994"
110475,"RT @tarak9999: Wear a mask and get yourself vaccinated,when available! 
Let‚Äôs #StandTogether to stop the spread and save the country from #‚Ä¶"
110475,"RT @AlwaysRamCharan: Wear a mask and get vaccinated when available! 
Let‚Äôs #StandTogether to stop the spread and save our country from #COV‚Ä¶"
113277,"RT @resurrectPSH: Brokeback Heat (1995) https://t.co/RDodNDZZns"
113277,"Brokeback Heat (1995) https://t.co/RDodNDZZns"
113277,"RT @bostonpetpads: Allston Apartment for rent 2 Bedrooms 1 Bath Boston - $1,995: *Landlord Pays 100% Broker Fee* *Heat &amp; hot water are incl‚Ä¶"
113277,"Allston Apartment for rent 2 Bedrooms 1 Bath Boston - $1,995: *Landlord Pays 100% Broker Fee* *Heat &amp; hot water are‚Ä¶ https://t.co/Vhv1UnCO83"
113277,"ONE PERFECT SHOT ‚ôæ @OnePerfectShot 

Heat (1995)

Written and Directed by Michael Mann
Director of Photography Dant‚Ä¶ https://t.co/qet7l78sVS"
113277,"@Priceless_Silva American Gangster
Remember the Titans
Heat (1995)
Ford vs. Ferrari"
113277,"RT @bostonpetpads: Allston Apartment for rent 2 Bedrooms 1 Bath Boston - $1,995: 2 Bed 1 Bath Laundry in Basement Heat and Hot Water Includ‚Ä¶"
113277,"Allston Apartment for rent 2 Bedrooms 1 Bath Boston - $1,995: 2 Bed 1 Bath Laundry in Basement Heat and Hot Water I‚Ä¶ https://t.co/9YQN6qGHAW"
113277,"Cinemas open on May 17th - what films have you booked so far? 

ME ‚Äî&gt; Judas (2021), Blow Out (1981), Touch of Evil‚Ä¶ https://t.co/vqET5TQXxY"
114369,"RT @revistadevaneio: Se7en (1995, David Fincher). https://t.co/NQ9Lut84gT"
114369,"Mr. &amp; Mrs. Smith (2005)
Cry Baby (1990)
Lucy (2014)
Se7en (1995)"
114369,"fav movie ? ‚Äî this changes over time but right now, it's given and doukyuusei, and Hintayan ng Langit (2018). one t‚Ä¶ https://t.co/CKMAoAnamg"
114369,"Se7en (2/5) Movie CLIP - Apathy (1995) HD https://t.co/aJE13PZ9iY via @YouTube"
114369,"@PhillyD Se7en, starring Morgan Freeman and Brad Pitt. Came out in 1995. The whole film was unsettling and the end‚Ä¶ https://t.co/Mp6oOVoGp1"
114369,"I‚Äôm pretty sure 1995 was the best year for movies. 

Heat
Se7en
Braveheart 
Casino
Apollo 13
12 Monkeys 
Usual Susp‚Ä¶ https://t.co/I17Pa72vhJ"
114369,"RT @Karthi_Genelia: 17. Goodfellas (1990)8.7/10
Biography,Crime,Drama

18. One Flew Over the Cuckoo's Nest (1975)8.7/10
Drama

19. Seven Sa‚Ä¶"
114369,"17. Goodfellas (1990)8.7/10
Biography,Crime,Drama

18. One Flew Over the Cuckoo's Nest (1975)8.7/10
Drama

19. Seve‚Ä¶ https://t.co/xrCS23dQj8"
114369,"how i want the hbo max gotham pd show to be inspired by the film se7en ( 1995 ) directed david fincher https://t.co/8Nm9oaEDf3"
114369,"Spider-Man: Into the Spider-Verse (2018)
Se7en (1995)
Chinatown (1974)
Brokeback Mountain (2005) https://t.co/rmvUfv1tcU"
114369,"The Spruce Grouse's favorite movie is Se7en (1995)."
114369,"RT @ghoulbasement: Despite heavily Se7en (1995), the opening credits sequence of The Collector (2009) is pretty cool. https://t.co/tPiItoue‚Ä¶"
114369,"@Wazardddd Taxi driver 1975 
Se7en 1995
Both great.. I'm out"
114369,"Despite heavily Se7en (1995), the opening credits sequence of The Collector (2009) is pretty cool. https://t.co/tPiItoueU6"
114369,"RT @Matthyasse: S

Titre : Spirited Away (2001)

Note : 5

Mentions honorables : Shaun of the Dead (2004) / Se7en (1995) / the Shawshank Re‚Ä¶"
114508,"Settling in on a story idea üí° for this Old Woman üëµ exercise
&amp; leaning more toward Ma Beagle or a toss up between ü™ô‚Ä¶ https://t.co/gda1pVML86"
114508,"WATCH &amp; WIN! 
This Saturday get your popcorn ready and enjoy the 1995 American science fiction horror film, SPECIES‚Ä¶ https://t.co/PGePJ3iwNd"
114508,"half SPECIES (1995) half CHERNOBYL (2019), russian-made with lynchy touches"
114508,"Karin Moyer says it‚Äôs going to break her heart to leave her house and hosta garden behind. More than 129 species, c‚Ä¶ https://t.co/rLkBk3VfkT"
114508,"Of 1995‚Äì2002 tufted floccus species are capable of"
114508,"RT @GenusUnknown: This is your periodic reminder that Forest Whitaker and Ben Kingsley are both in Species (1995), somehow."
114814,"RT @Dart_Adams: NO. Shit, Reservoir Dogs (1992), El Mariachi (1993), Clerks (1994) &amp; The Usual Suspects (1995), Bottle Rocket (19‚Ä¶"
114814,"Write a pitch for the following film: Platoon (1986) meets The Usual Suspects (1995) and it's a Horror Film ."
114814,"NO. Shit, Reservoir Dogs (1992), El Mariachi (1993), Clerks (1994) &amp; The Usual Suspects (1995), Bottle Roc‚Ä¶ https://t.co/dtLsdeDbrU"
114814,"Invent your world. Surround yourself with people, color, sounds, and work that nourish you.

- Monica Bellucci,
The Usual Suspects (1995)"
114814,"RT @Manuwar2020: #CinnamonSpringFilmFun
May 7th: Favorite macro shot
Movie: The Usual Suspects (1995)
3 Macro shots from the movie https://‚Ä¶"
114814,"#CinnamonSpringFilmFun
May 7th: Favorite macro shot
Movie: The Usual Suspects (1995)
3 Macro shots from the movie https://t.co/aVZZjkwEYp"
114814,"The Usual Suspects (1995) üëûüß®

#theusualsuspects https://t.co/xqvUUrGIxf"
114814,"33. The Lion King (1994)8.5/10
Animation,Adventure,Drama

34. The Usual Suspects (1995)8.5/10
Crime,Mystery,Thrille‚Ä¶ https://t.co/sus9IRS06W"
114814,"The Usual Suspects (1995) https://t.co/BluilhadjI"
114814,"@ThatEricAlper The Usual Suspects (1995)"
119282,"RT @CBPolt: The opening sequence of Walt Disney's Hercules (1997) is filled with depictions of actual works of physical art ‚Äî an appreciati‚Ä¶"
119282,"RT @CBPolt: A fun reference in Disney's Hercules (1997) lasting only a few frames: in the training montage, Hercules smashes Phil into seve‚Ä¶"
119282,"Hercules (1997) - Read 589 Movie Reviews 
Link: https://t.co/KQlt2witTU 
#Hercules #MovieReviews"
119282,"RT @HALEPRINT: Just to be clear if this was Hercules (1997) Derek would have turned into a god so indeed I think he deserved it"
119282,"Just to be clear if this was Hercules (1997) Derek would have turned into a god so indeed I think he deserved it https://t.co/DGxB9ge3Sp"
120737,"RT @moviedetail: In The Hobbit: An Unexpected Journey (2012), the platform Bofur is dancing on here is the same one at the Council of Elron‚Ä¶"
120737,"The Lord of the Rings: The Fellowship of the Ring (Peter Jackson, 2001) üéûÔ∏èüîÑ https://t.co/NiZZwt6t2Y"
120737,"RT @Emystrange_: #CinnamonSpringFilmFun
May 7: Macro scene in a film
üìΩ The Lord of the Rings: The Fellowship of the Ring)
2001 https://t.co‚Ä¶"
120737,"#CinnamonSpringFilmFun
May 7: Macro scene in a film
üìΩ The Lord of the Rings: The Fellowship of the Ring)
2001 https://t.co/AKhEAJW4ps"
120737,"The Lord of the Rings: The Fellowship of the Ring (2001) - Read 1,025 Movie Reviews 
Link: https://t.co/Ht1heLY2F7‚Ä¶ https://t.co/TWOsSgIaxY"
120737,"In The Hobbit: An Unexpected Journey (2012), the platform Bofur is dancing on here is the same one at the Council o‚Ä¶ https://t.co/dVussY3JK1"
120737,"RT @suspeeria: the lord of the rings: the fellowship of the ring (2001) https://t.co/tLXwHNBt0i"
120737,"RT @AntoMaylin: May 6: Password in a movie.
 'The Lord of the Rings: The Fellowship of the Ring' (2001) #Bales2021FilmChallenge https://t.c‚Ä¶"
120737,"RT @archivery: The Lord of the Rings: The Fellowship of the Ring (Peter Jackson, 2001) https://t.co/GPJSSmmkXr"
120737,"Think as a wise man but communicate in the language of the people.

- Ed Harris,
The Lord of the Rings: The Fellowship of the Ring (2001)"
120737,"May 6: Password in a movie.
 'The Lord of the Rings: The Fellowship of the Ring' (2001) #Bales2021FilmChallenge https://t.co/JHifewtewm"
120737,"RT @LostInFilm: 'The Lord of the Rings: The Fellowship of the Ring‚Äô (2001, Peter Jackson). Cinematography: Andrew Lesnie. https://t.co/7u4b‚Ä¶"
137523,"RT @CallionMonica: FIGHT CLUB (1999) https://t.co/v6hoTS8D1x"
137523,"RT @moviedetail: Marla from Fight Club (1999) and Teddy from Memento (2000) have the same phone number. https://t.co/yN4lRJfdlJ"
137523,"Channel Brad Pitt's 1999 Fight Club style with this summertime-ready recreation from Far Afield. @farafield_uk https://t.co/LRryQZv2NI"
137523,"RT @thecinesthetic: Fight Club (1999) dir. David Fincher https://t.co/GGU4e80xaU"
181875,"Almost Famous (2000) https://t.co/q0xzkBL5Xa"
181875,"RT @nathanielr: The next Supporting Actress Smackdown is coming in 2 weeks (so get your votes in) celebrating the year 2000. Excited to sha‚Ä¶"
181875,"@tcm Almost Famous (2000), when you guys aired it too"
181875,"The next Supporting Actress Smackdown is coming in 2 weeks (so get your votes in) celebrating the year 2000. Excite‚Ä¶ https://t.co/UrFxUC7PAO"
181875,"üì∫Almost famous (2000)"
181875,"33. ‚ÄúSomething tells me, twenty years from now, we‚Äôll remember her and not much else.‚Äù

Almost Famous (2000) dir. C‚Ä¶ https://t.co/6SzLz4fYpX"
181875,"almost famous (2000)
dir.cameron crowe https://t.co/H87JOigpAp"
181875,"Almost Famous (2000) ‚òÖ‚òÖ‚òÖ
extended version
is far far far, far too long
is that cheating? yes
https://t.co/XlucMpt4Sl"
181875,"RT @MOONDAlSY: almost famous (2000) https://t.co/nezx9IDKwp"
181875,"#Fave00sMoviesAtoZ #FilmTwitter 

One favorite film per letter from the 2000s (+ up to 4 runners-up).  Others are e‚Ä¶ https://t.co/DTmeBaQgIx"
237572,"MV Kalangala is the only active public  vessel plying the Kalangala ‚ÄìEntebbe route and was built in 2005 in fulfilm‚Ä¶ https://t.co/A5FbHtrdva"
237572,"@HoldanaOfficial Nice project..
I pledge my alliance..
We move..
Upto the moon
@LeoheartedRKS 
@Pratiks656 
@2001_anish"
237572,"@c_v @SoundersFCfan I hated being forced to say the pledge of allegiance so around 2001 I stopped. When I was in hi‚Ä¶ https://t.co/ZG6c7vyLtl"
247745,"üí´ Congrats to @AaronPackineau who found gif #135928 Super Troopers (Jay Chandrasekhar - 2001) in 53s. https://t.co/KmfztRym0J"
247745,"RT @RStoned171: Beerfest (2006) VS
Super Troopers (2001)
Which ONE do you choose ? https://t.co/sjrvLeltDb"
247745,"Beerfest (2006) VS
Super Troopers (2001)
Which ONE do you choose ? https://t.co/sjrvLeltDb"
247745,"Day 29: Someone Pulls Up Zipper in Movie

Super Troopers (2001)

‚ÄúWhat are you selling, Mac, hot dogs?‚Äù

(Playing c‚Ä¶ https://t.co/17PH6Tzpo5"
247745,"Movie round-up for April:

üé¨ To Live and Die in LA (1985)
üé¨ St. Vincent (2014)
üé¨ Super Troopers (2001)
üé¨ The Nice G‚Ä¶ https://t.co/Wywnx2VpRv"
267626,"K-19 would be decommissioned in 1990 and sold for scrap. A 2002 movie ‚Äî ‚ÄúK-19: The Widowmaker‚Äù starring Harrison Fo‚Ä¶ https://t.co/QM07FlcRbK"
289879,"The Butterfly Effect (dir. Eric Bress &amp; J. Mackye Gruber, 2004) https://t.co/vqdkwJAoHU"
289879,"the butterfly effect [2004]"
289879,"RT @Quifergo: @Tvecinofavorito The butterfly effect (Eric Bress &amp; J. Mackye Gruber, 2004) https://t.co/065qOKbUPa"
289879,"@ThatEricAlper The butterfly effect 2004."
289879,"#Films vanavond op #TV:
20:03, @RTL7: A Bridge Too Far, https://t.co/xdRzVssn4z
20:30, @Net5: Schindler's List,‚Ä¶ https://t.co/QFTp9yUSIX"
289879,"@Tvecinofavorito The butterfly effect (Eric Bress &amp; J. Mackye Gruber, 2004) https://t.co/065qOKbUPa"
289879,"RT @ImagenRetro: The Butterfly Effect, 2004. üé¨ https://t.co/1zGtIUd9U0"
289879,"The Butterfly Effect ( 2004 )"
289879,"@connor_dot_net You‚Äôll need to watch the 2004 sci-fi thriller The Butterfly Effect starring Ashton Kutcher"
289879,"The Butterfly Effect (2004) https://t.co/CFKn2wO7E4"
289879,"Las mejores peliculas de Ashton Kutcher:

Dude Where's My Car? (2000)
A Lot Like Love (2005)
No Strings Attached (2‚Ä¶ https://t.co/6m4uMaqy51"
289879,"RT @ImagenRetro: The Butterfly Effect, 2004. üé¨ https://t.co/jwYBySxRgg"
289879,"Needed something easy tonight, so decided to go with a rewatch that I've not seen it eons. 

#NowWatching The Butterfly Effect (2004)"
289879,"@RachelTobac Bad Boy Bubby (1994)
The Butterfly Effect (2004)
Dogma (1999)"
289879,"Legends of the Fall (1994)
Meet Joe Black (1998)
The Butterfly Effect (2004)
Eternal Sunshine of the Spotless Mind‚Ä¶ https://t.co/LkVAVFNjkc"
317740,"Charlie:¬†I took John Bridger's advice. I found somebody I want to spend the rest of my life with and I'm going to h‚Ä¶ https://t.co/K9VO5iIoja"
317740,"Movies Watched:
The Italian Job (2003)
#StevieTV"
317740,"It's movie time, I'm watching: The Italian Job (2003) #Movie #Film #StevieTV"
317740,"@unkateef @grantshapps @DVSAgovuk @SMMT The minis in the 2003 remake of The Italian Job were already electric, as‚Ä¶ https://t.co/uYd0dQBE5g"
317740,"The Italian Job(2003) is a better movie than The Italian Job(1969)"
317740,"#Bales2021FilmChallenge

Day 6 - Someone types in Password

The Italian Job (2003) ~ Lyle https://t.co/1LjuoVpy9I"
317740,"Tonight's movie: The Italian Job 2003. Never seen this, partly out of sheer loyalty to the original and then forget‚Ä¶ https://t.co/2P5xsXfFKY"
317740,"The Italian Job (2003) and 3 more hit the Top 100 iTunes Movies Chart! Trailers and more - https://t.co/tqthG1DCsM https://t.co/zL5HmegeWB"
317740,"@netflix we're putting up your subscription so that we can bring you great new content
Also @netflix New Arrival‚Ä¶ https://t.co/DufwKJMIO9"
317740,"De car-chase in The Italian Job (2003) is: very satisfying."
317740,"The poster for the 2003 remake of The Italian Job is one of the worst I‚Äôve ever seen https://t.co/B3WopNp3sT"
317740,"Next up, rewatch on Netflix

54. The Italian Job (2003) https://t.co/6Dj9cPyOno"
317740,"Ive watched the 2003 Italian Job about 15 Times and it‚Äôs bloody good"
317740,"The Italian Job ( 2003 ) https://t.co/DDhgdRFNB5"
317740,"The Italian Job (2003)... this has aged ....WELL!!!"
317919,"RT @scoringsessions: Happy 15th Anniversary to MISSION: IMPOSSIBLE III! Here's a little video of @tomcruise conducting the main theme at @m‚Ä¶"
317919,"Here‚Äôs How You Can Watch Every Mission: Impossible Movie - As a quick refresher,¬†Ghost¬†Protocol is the fourth film‚Ä¶ https://t.co/za2GTkJK8u"
338013,"RT @thecinesthetic: Eternal Sunshine of the Spotless Mind (2004) dir. Michel Gondry https://t.co/6JIEHYA8B6"
338013,"RT @mooviequotes_: Eternal Sunshine of the Spotless Mind (2004) https://t.co/c3NSFJP09N"
338013,"RT @OnePerfectShot: ETERNAL SUNSHINE OF THE SPOTLESS MIND (2004) 

Cinematography by Ellen Kuras 
Directed by Michel Gondry
Explore more sh‚Ä¶"
338013,"RT @OnePerfectShot: ETERNAL SUNSHINE OF THE SPOTLESS MIND (2004) 

Cinematography by Ellen Kuras 
Directed by Michel Gondry
Explore where t‚Ä¶"
338013,"RT @itsFilmatic: Eternal Sunshine of the Spotless Mind (2004), dir. Michel Gondry https://t.co/bSmBezllp2"
338013,"#nw Eternal Sunshine of the Spotless Mind (2004)
Dir. Michel Gondry https://t.co/yWjHMCtuEF"
338013,"eternal sunshine of the spotless mind (2004): that‚Äôs what happens when a capricorn dates a sagittarius"
338013,"Eternal Sunshine of the Spotless Mind (2004) dir. Michel Gondry https://t.co/6JIEHYA8B6"
361748,"RT @CINEMA505: Inglourious Basterds (2009) https://t.co/cKmZmFyIh8"
361748,"Inglourious Basterds (2009)

[fuck nazis btw] https://t.co/DiF7zl2tuG"
361748,"RT @stuckinfilms: Badass Female Characters: Shoshanna Dreyfus.                 Inglourious Basterds (2009) https://t.co/nfX46j7l1H"
361748,"Life Is Beautiful (1997)
Son of Saul (2015)
Schindler's List (1993)
Inglourious Basterds (2009) https://t.co/5XI6KgWYPT"
361748,"RT @CINEMAGEMS: Inglourious Basterds (2009) https://t.co/uYOCC2tNiA"
361748,"Not many will admit this today but the rest of the world kinda discovered Memories of Murder after Quentin Tarantin‚Ä¶ https://t.co/zc2aKyMNCr"
361748,"@kk_k91 Inglourious Basterds (2009)"
361748,"I rated Inglourious Basterds (2009) 8/10  #IMDb https://t.co/6q4RfWOcYL"
361748,"Inglourious Basterds (2009) https://t.co/AroZhd3BvH"
361748,"9- No Country for Old Men (2007)
10- Chinatown (1974)
11- The Hangover (2009)
12- Inglourious Basterds (2009)
13- B‚Ä¶ https://t.co/RyrTTwHzwL"
361748,"RT @CINEMAPALETTES: Inglourious Basterds (2009) dir. Quentin Tarantino https://t.co/55u5zoKg95"
361748,"When you click on Anime Series, but Netflix plays Inglourious Basterds (2009)."
368891,"RT @Compro61: #3DegreesOfBales
May 6: Someone Types in Password in Movie

National Treasure (2004)‚û°Ô∏èHarvey Keitel‚û°Ô∏èPulp Fiction (1994) (Chr‚Ä¶"
368891,"#Bales2021FilmChallenge
Day 6:  Password in Movie

Fun Nicolas Cage film about a team who steals the Declaration of‚Ä¶ https://t.co/oJLtmlXKyf"
368891,"RT @PGentileOT: Just finished watching #WestSideStory on #TCM.  
#RitaMoreno is a national treasure.  She is an #EGOT club - winning two Em‚Ä¶"
368891,"Just finished watching #WestSideStory on #TCM.  
#RitaMoreno is a national treasure.  She is an #EGOT club - winnin‚Ä¶ https://t.co/T4TwkCo9pZ"
368891,"#3DegreesOfBales
May 6: Someone Types in Password in Movie

National Treasure (2004)‚û°Ô∏èHarvey Keitel‚û°Ô∏èPulp Fiction (‚Ä¶ https://t.co/IEcxpPhyz3"
368891,"#Bales2021FilmChallenge 
May 6: Someone Types in Password in Movie

National Treasure (2004) https://t.co/r6jSAa0uJL"
368891,"If you‚Äôre already listening to the record somewhere in the world where it‚Äôs available please don‚Äôt tell anyone abou‚Ä¶ https://t.co/rTh4FPngOm"
368891,"RT @ladyefron: I think the National Treasure (2004) is loosely based on me trying to navigate a multi level parking garage"
368891,"RT @robmccausland: #Bales2021FilmChallenge
May 6: Someone Types in Password
National Treasure (2004;¬†Jon Turteltaub, Dir.)

It's Valley‚Ä¶"
368891,"RT @seulgipringles: National Treasure (2004) - Deleted Scene http://t.co/n8qQiZKRii"
368891,"#Bales2021FilmChallenge

May 6: Someone Types Password In Movie

National Treasure (2004)

https://t.co/agzBAneozI"
369610,"Jurassic World (2015)

As much as I love Jeff Goldblum, The Lost World &amp; Jurassic Park III were kinda bad as sequel‚Ä¶ https://t.co/VdnwwotaGG"
369610,"Jurassic World - (2015/2018) https://t.co/VQuoERwPAJ"
369610,"jurassic world (2015) https://t.co/lU5e4EVYRT"
369610,"Jurassic World 2015 - Pterodactyl Attacks Scene 4k https://t.co/nbRbDMUnm4 via @YouTube"
369610,"@CMSLOPOrion @fullytacomatic @scifichick25 Chris Pratt was still seen as Andy from Parks and Rec when he was cast a‚Ä¶ https://t.co/y1YNgsIM2M"
369610,"Check out Jurassic World Hero Mashers Dimorphodon Incomplete 2015 Hasbro Used https://t.co/TjUDiz9EKZ @eBay"
369610,"Check out Jurassic World Hero Mashers Stegosaurus Parts Lot 2015 Hasbro Used https://t.co/0QBmYBMGI2 @eBay"
369610,"Jurassic World (2015) https://t.co/2JSpaeKcSa"
369610,"Jurassic World (2015) - Read 1,213 Movie Reviews 
Link: https://t.co/Dq7Uj20JB9 
#JurassicWorld #MovieReviews"
369610,"From the big screen 2 your game console. Accurate depiction sans the gore https://t.co/tP3c3oXzcF #LEGOJurassicGame #videogames"
369610,"@jpandrew2000 My stance is simply this: there were no Dilophosaurs in Jurassic World during the 2015 incident.

The‚Ä¶ https://t.co/sryARuk7Un"
369610,"@Askrlfess Jurassic world (2015)
Avengers end game"
369610,"Jurassic World (2015) on #Vidimovie
Watch Now: https://t.co/eGZ9lgVxBD
#JurassicWorld"
369610,"@boyjurassic @genozoic @ChrisLikesDinos @TetZoo I find myself in great agreement with this article. The takeaway fo‚Ä¶ https://t.co/NMSR98B5aU"
369610,"Jurassic World (2015) has 97 loud sounds ‚¨áÔ∏è

https://t.co/tCuzQ5aFcl

#JurassicWorld #phonophobia https://t.co/1QDtugsXMn"
405422,"31.  u know what i respect women i love women i respect them so much that i completely stay away from them

The 4‚Ä¶ https://t.co/gIXu6jicMg"
405422,"RT @StevenReyCristo: Last night, I watched the 2005 classic: 40-Year-Old-Virgin

...I forgot how funny that movie is.

This scene with Roma‚Ä¶"
405422,"lost my the 40-year-old virgin (2005) virginity today üòÄüëç"
405422,"189. The 40 Year Old Virgin (2005). I thought for some reason the first one wouldn't be WAY TOO LONG but I was wron‚Ä¶ https://t.co/z2uvsyzbHt"
405422,"#ClassicsForSheil 
Snatch (2000)
Oceans 11 (2001)
Gladiator (2000)
Inception (2010)
Tenet (2020)
The Shawshank Rede‚Ä¶ https://t.co/moOM9abXRM"
405422,"The 40-Year-Old Virgin (2005)"
405422,"@schfess [ ] THE SANDLOD (1993)
[ ] MY GIRL (1991)
[ ] STAND BY ME (1986)
[ ] RICHIE RICH (1994)
[ ] TITANIC (1997)‚Ä¶ https://t.co/r3cHdSR3BB"
405422,"Now watching Judd Apatow's 2005 film The 40 year old Virgin. https://t.co/x7nURLVgkb"
437086,"RT @AlitaArmy: https://t.co/CtvQU5M5NF: 10 Reasons Alita: Battle Angel Is The Best Live-Action Manga Adaptation Ever

In the wake of titan‚Ä¶"
437086,"RT @taylorsumelj: Week 9: Alita: Battle Angel (2019) #BCM325 https://t.co/42CcIRHqoK"
437086,"RT @MeggenP7: Good morning #bcm325! Today we will be watching Alita: Battle Angel, a 2019 cyberpunk film based on Japanese manga artist Yuk‚Ä¶"
437086,"RT @gunnmpanels: Chinese promotional art for Battle Angel : Alita (2019) https://t.co/WnpmwEIicj"
437086,"RT @toriachans: The ending of the movie explained! #bcm325 Honestly helped me understand so much more of what happened 
https://t.co/GMRMW2‚Ä¶"
448115,"RT @davido_global: Davido released Fall on June 2, 2017. It was one of the top-100-most-Shazam-searched singles in America in January 201‚Ä¶"
448115,"Shazam! (2019) Watch Online
Browse Videos Now: https://t.co/7O7BvqT1sA
#Shazam"
454876,"Tiger and a boy lost in the sea !!! 
Film : Life of Pi (2012) https://t.co/s3a4cRbFJR"
454876,"Wrinkles should merely indicate where smiles have been.

- Angelina Jolie,
Life of Pi (2012)"
454876,"@justacoverband Life of Pi (2012)"
454876,"RT @nabil_bakri: Review film Life of Pi (2012)
https://t.co/m9LN5ePAWx
#lifeofpi #Review #film #fantasy https://t.co/XRaaePkC0n"
454876,"Review film Life of Pi (2012)
https://t.co/m9LN5ePAWx
#lifeofpi #Review #film #fantasy https://t.co/XRaaePkC0n"
454876,"I enjoyed Big Fish (2003), but then it becomes rather superficial - especially after I watched Life of Pi (2012‚Ä¶ https://t.co/dwsDLmSYGD"
454876,"RT @alisalem147: Life of pi (2012)
dir. Ang Lee https://t.co/9pn2t2mXab"
454876,"Life of pi (2012)
dir. Ang Lee https://t.co/9pn2t2mXab"
454876,"In a 2014 list, Dwayne Johnson ( @TheRock ) revealed this was one of his favorite #movies - https://t.co/yFd53LBG15 https://t.co/Wt2k29O97V"
454876,"I rewatched LIFE OF PI (2012) last night, and it got me thinking about the brief experiment of good filmmakers tryi‚Ä¶ https://t.co/8NX6YEkBU6"
454876,"A man sees in the world what he carries in his heart.

- Raquel Welch,
Life of Pi (2012)"
454876,"RT @TriviaCinefila: Life of Pi (2012)
Director: Ang Lee https://t.co/JAgXSBmA7w"
454876,"RT @wannamovie: Life of Pi (Ang Lee, 2012) https://t.co/O2ozuDgsZb"
478970,"#Marvel: Ant-Man 2015 Review #MCU https://t.co/3n2afSbwT0"
478970,"ant-man (2015) https://t.co/sOBYfGjYop"
478970,"Ant-Man (2015) - Read 1,212 Movie Reviews 
Link: https://t.co/wVho6uVMeA 
#AntMan #MovieReviews"
478970,"RT @LongArmsPerk: When you recommend Ant-Man (2015) to somebody https://t.co/fAETPKZ4Nw"
478970,"When you recommend Ant-Man (2015) to somebody https://t.co/fAETPKZ4Nw"
478970,"I rated Ant-Man (2015) 7/10  #IMDb ‚Å¶@Marvel‚Å© #movie #marvel #antman üëçüèºüëçüèºüçø https://t.co/n4rPqanhfT"
478970,"Ant-Man
(2015) https://t.co/eZbpqQCBB1"
478970,"RT @KAMONORITOSHI: good otps should fit perfectly into the plot of ant-man (2015). one of them should be an ex-con with a kid they're tryin‚Ä¶"
478970,"60. Ant-Man (ReWatched)(2015) https://t.co/QhVwxWNPTH"
478970,"33. üîÅ Ant-Man (2015) https://t.co/UojkzwKH2N"
478970,"Viendo Ant-Man (2015) https://t.co/wdziaWSt2q #trakt"
478970,"Captain America: The Winter Soldier¬†(2014)
Guardians of the Galaxy¬†(2014)
Avengers: Age of Ultron¬†(2015)
Ant-Man¬†(2‚Ä¶ https://t.co/z0PQT4DDCf"
478970,"‚ÄúSorry I'm late, I was saving the world. You know how it is.‚Äù

Ant-Man (2015)
Watched 5/05/2021
3.5 stars
https://t.co/SvgCCM93NR"
481141,"No Reservations (2007) https://t.co/7AtxxVI2tv"
481141,"No Reservations (2007) Dir. Scott Hicks https://t.co/CUsc0rfSRv"
481141,"RT @xianfoods: Today's a day of extreme sadness for us here at Xi'an Famous Foods. I've lost a dear friend today, and we mourn with the res‚Ä¶"
481141,"My recommended üìΩÔ∏è‚ú®
No Reservations Netflix (2007) - 
Catherine Zeta-Jones https://t.co/UzFKMxI4Zh"
481141,"@TIFF_NET No Reservations (2007) Scene: Zoe finally eats.üçùüòã‚ù§Ô∏è
https://t.co/HdRYJVQ3S9"
481141,"No Reservations (2007) meets Stigmata (1999)"
499549,"YouTube: Avatar (2009) Eywa Tree Scene and pay close attention to where the tree connects to the human. They show w‚Ä¶ https://t.co/Ux3MuUg7Fs"
499549,"My parent took me to see Avatar (2009) when I was 10 years old...

And didn‚Äôt expect it to radicalize me 

ü§°"
499549,"RT @AubreyJnr_: @Zen_firee Avatar 2009
The revenant
Legends
In the heart of the sea
Inception"
499549,"@Zen_firee Avatar 2009
The revenant
Legends
In the heart of the sea
Inception"
499549,"RT @tszzl: I can and will accurately recount the whole plot of avatar (2009) from memory. consider this a threat"
499549,"RT @man_ditch: woah I just realised that Avatar movie was such a big hit in 2009, but nobody talks about it anymore? surprised I‚Äôm the firs‚Ä¶"
499549,"RT @vanillatary: woah I just realised that Avatar movie was such a big hit in 2009, but nobody talks about it anymore? surprised I‚Äôm the fi‚Ä¶"
499549,"I can and will accurately recount the whole plot of avatar (2009) from memory. consider this a threat"
499549,"RT @RexKwonDo92: woah I just realised that Avatar movie was such a big hit in 2009, but nobody talks about it anymore? surprised I‚Äôm the fi‚Ä¶"
499549,"woah I just realised that Avatar movie was such a big hit in 2009, but nobody talks about it anymore? surprised I‚Äôm‚Ä¶ https://t.co/OmpaSFdVQY"
770828,"@imperialotter @Mainterrio @Forbes They made one in 2013 and it's called Man of Steel if you've been living under a rock"
770828,"Man of Steel (2013) https://t.co/F9PrxKNs3x"
770828,"RT @FilmstoFilms_: Man of Steel (2013) https://t.co/GaaSF5A0P7"
770828,"RT @PersonnageF: Man                                              Clone
Of                                                   Wars
Steel‚Ä¶"
770828,"Man                                              Clone
Of                                                   Wars
St‚Ä¶ https://t.co/nBh6S7Y5Yo"
770828,"RT @Lost789Boy: @King2Wesley S7 of Clone Wars - 2020
Man of Steel - 2013"
770828,"RT @Lost789Boy: @DdpKendrick @VarietyyYB Clone Wars S7 - 2020
Man of Steel - 2013"
770828,"@VarietyyYB Man Of Steel came out in 2013, while this Star Wars scene is from season 7 which aired in 2020. 

So al‚Ä¶ https://t.co/O62wwBCcQS"
770828,"@David_the_bub @VarietyyYB @SketchedBat Clone Wars S7 - 2020
Man of Steel - 2013"
770828,"@DdpKendrick @VarietyyYB Clone Wars S7 - 2020
Man of Steel - 2013"
770828,"@King2Wesley S7 of Clone Wars - 2020
Man of Steel - 2013"
770828,"@FuhrerZakk S7 of Clone Wars - 2020
Man of Steel - 2013"
790636,"Room (2015)
Brooklyn (2015)
Dallas Buyers Club (2013)
Her (2013) https://t.co/sckjFAgwVi"
790636,"Dallas Buyers Club (2013) https://t.co/RwK43aX2gQ"
790636,"Dallas Buyers Club- 2013

A tragic film highlighting the aids pandemic and the state of health care finance in Amer‚Ä¶ https://t.co/Kz7Wh1KGO9"
790636,"Difficulties are things that show a person what they are.

- Eric Roberts,
Dallas Buyers Club (2013)"
790636,"Simply put, you believer that things or people make you unhappy, but this is not accurate. You make yourself unhap‚Ä¶ https://t.co/Li8dbJXOpC"
790636,"@ThisJoaje There have definitely been better years but I wouldn‚Äôt call it bad, the world‚Äôs end, kick-ass 2, wolf of‚Ä¶ https://t.co/0FMWdV1oga"
790636,"A beautiful thing is never perfect.

- Jason Segel,
Dallas Buyers Club (2013)"
790636,"2013 was such a crazy year for movies... Rush, Prisoners, Wolf of Wall Street, Her, 12 Years of A Slave, Short Term‚Ä¶ https://t.co/NGYde6BVcK"
790636,"RT @MovieCottage: ŸÖÿπÿ±ŸÅ€å 9 ŸÅ€åŸÑŸÖ ÿ®ÿ±ÿ™ÿ± ÿ®ÿß ŸÖÿ≠Ÿàÿ±€åÿ™ ÿß€åÿØÿ≤  

How to Survive a Plague 2012
Common Threads: Stories from the Quilt 1989
The Lazarus‚Ä¶"
790636,"@MovieMtRushmore Jared Leto as Rayon in Dallas Buyers Club (2013) https://t.co/LmBXiKlkQG"
790636,"As I said, my dad‚Äôs cousin died of AIDS in the 80s. But I didn‚Äôt hear about that until after we saw Dallas Buyers C‚Ä¶ https://t.co/RMnO1GUcC3"
790636,"Dallas Buyers Club (2013) https://t.co/NpH0ODe45X"
790636,"RT @Montieeee_: I feel like I'm fighting for a life that I don't even have the time to live. I just want it all to mean something.

üé¨ Dal‚Ä¶"
810819,"üîπ THE DANISH GIRL
Tom Hooper, 2015
https://t.co/qIqTwFDZwA https://t.co/p5VeDOahkS"
810819,"‚ÄúI am entirely myself‚Äù 
The Danish Girl (2015) https://t.co/nbWiz8YGeY"
810819,"The Danish Girl (2015) https://t.co/5CGjGaRCMo"
810819,"RT @dizi7x24: The Danish Girl
2015 https://t.co/rvfX6ITrf7"
810819,"The Danish Girl
2015 https://t.co/rvfX6ITrf7"
810819,"#NowWatching: The Danish Girl (2015)."
810819,"RT @MovieGifBot: üîπ THE DANISH GIRL
Tom Hooper, 2015
https://t.co/qIqTwFDZwA https://t.co/MIPJkHZS4v"
810819,"üîπ THE DANISH GIRL
Tom Hooper, 2015
https://t.co/qIqTwFDZwA https://t.co/MIPJkHZS4v"
810819,"@ThatEricAlper Taken(2008). Schindler‚Äôs List (1993). Kobu (2016). Braveheart (1995). Kal Hon Naa Ho (2003). Mary Fu‚Ä¶ https://t.co/NAnMrZX7Da"
810819,"The Danish Girl (2015)

Eddie Redmayne y Alicia Vikander https://t.co/90XWyqYdoW"
810819,"üëå Congrats to @MovieAddictsNL who found screenshot #135775 The Danish Girl (Tom Hooper - 2015) in 10m9s. https://t.co/Owwrd9Ge5i"
810819,"Hold the fuck. HOLD THE FUCK. I JUST REALIZED THAT IM A FEW STEPS INTO THE PLOT OF The Danish Girl (2015).
&gt;pretend‚Ä¶ https://t.co/dLwsntkXys"
810819,"RT @aestheticsofflm: the danish girl (2015)

dir. tom hooper https://t.co/rbajM1lZfp"
810819,"üéãthe Danish Girl 2015, directed by Tom Hooper https://t.co/cbtDfrnLq1"
810819,"RT @truthheards: Amber Heard at the Venice Film Festival for ‚ÄúThe Danish Girl‚Äù back in 2015 https://t.co/sqWLWs0zLT"
1001508,"He's just not that into you

Helping me get through life since it came out in 2009"
1024855,"CCTV shows father-of-two gunned down outside his London home Detectives have released CCTV footage of a https://t.co/KrhD0tumZl"
1024855,"Murder Suspect Who Gunned Down Victim On Ridgefield Road In 2017 Found Guilty After 3 Day¬†Trial https://t.co/TgKYqZDkk3"
1024855,"@fortune_zihura Poetic but sadly false. Precisely what success have you seen since 2017? All I have seen is the c‚Ä¶ https://t.co/BbkY8gRsSw"
1024855,"RT @china_takes: Reminder that the *official narrative* pushed since 2017 is that China gunned down 10,000 innocent students before crushin‚Ä¶"
1025100,"RT @TJStorm01: Mind's Eye Spotlight:
  'Gemini Man (2019)' Starring Will Smith 
Before/After VFX Shots
The VFX are made by:
Weta Digital, S‚Ä¶"
1025100,"Gemini Man (2019) Watch Online
Browse Videos Now: https://t.co/LwwfPgZ69p
#GeminiMan"
1025100,"Gemini Man (2019) - Read 135 Movie Reviews 
Link: https://t.co/bhHtyUYfSP 
#GeminiMan #MovieReviews"
1025100,"@GowthamMandava @Controversyy3 verey msg chesthe response ivvale andhuke ala petta...Here are some prime thrillers‚Ä¶ https://t.co/btHv9h7OJK"
1142988,"RT @suggestingmovie: Let me suggest you a movie! The Ugly Truth (2009)
https://t.co/eovAgearn3
#theuglytruth #action #comedy #romance  #kat‚Ä¶"
1142988,"@bsgorrie Think the ideas been kicked around Hollywood for a while now but think its stuck in developmemt hell lol https://t.co/ee0xXnp2hk"
1142988,"hear me out: the ugly truth (2009) hannigram au"
1188982,"Jai Ho 2014 Hindi Full Movie with English Subtitle https://t.co/PVYl35eIbt via @YouTube"
1188982,"@discoveryplusIN Bangladesh yudh ke baad Narendra Modi ji is yudh mein bhi shamil hue the....jai ho...Mr time trave‚Ä¶ https://t.co/9yjbDmiSPS"
1210819,"I‚Äôve been a fan of western movies since I was a kid, running around the neighbourhood with my Lone Ranger mask &amp; tw‚Ä¶ https://t.co/rQCvmnRwy6"
1210819,"RT @MovieGifBot: üîπ THE LONE RANGER
Gore Verbinski, 2013
https://t.co/ad7O2c3MbS https://t.co/7aF5ToBmRK"
1210819,"üîπ THE LONE RANGER
Gore Verbinski, 2013
https://t.co/ad7O2c3MbS https://t.co/7aF5ToBmRK"
1210819,"RT @JohnnyDeppLoveo: Johnny at the premiere of The Lone Ranger in Japan. (2013)
#JohnnyDepp https://t.co/0yWGN3YlFG"
1210819,"@justfran13 I like the 2013 The Lone Ranger definition of ‚Äúwrong brother‚Äù"
1210819,"James Badge Dale in The Lone Ranger (2013) https://t.co/Cd8hWoB8XV"
1210819,"The Lone Ranger (2013) is fucking awesome."
1210819,"Smh I wish I knew about ‚Äú The lone Ranger ‚Äú back in 2013 I would have watched it and theaters at least 5x and helped with the box office.üòï"
1210819,"RT @Cords95481107: #CinnamonSpringFilmFun @ithrah69
May 1: Favourite Non Race Horse In A Film
The Lone Ranger (2013) 
Hi-yo Silver! https‚Ä¶"
1210819,"#CinnamonSpringFilmFun @ithrah69
May 1: Favourite Non Race Horse In A Film
The Lone Ranger (2013) 
Hi-yo Silver! https://t.co/dXNu8gASwc"
1210819,"@DWLundberg The Specialist 
Rambo 4
The lone ranger 2013
Joker
Fight Club
Armageddon
Zack Snyder Justice League
Tra‚Ä¶ https://t.co/ySz0jFUFws"
1210819,"The 2013 Lone Ranger
Donnie Darko https://t.co/F1AJ5M5Oy1"
1282140,"Villa 300 sqm 4 Bedroom with private pool at Cherng'Lay: Project: Charng‚ÄôLay Villas and Condominium Project complet‚Ä¶ https://t.co/ljSw2oJn98"
1282140,"LRT: I really do miss the simpler times of 2007-2010 internet before memes became so mainstream.

Only for the sole‚Ä¶ https://t.co/CyfQCUzWES"
1282140,"Easy A (2010) is an American teen comedy-drama movie directed by Will Gluck. The screenplay was partially inspired‚Ä¶ https://t.co/XrVU4uVORc"
1282140,"i had stanned Wonder Girls in like 2010 but then accidentally got into F(x) then spiraled into SHINEE in like 2013‚Ä¶ https://t.co/NuTJqqMOS0"
1282140,"It's easy to forget the emergergence of SNP in Scotland, they usurped Labour ground with an added Nationalist twist‚Ä¶ https://t.co/2Y9rdycbVw"
1282140,"Best investment opportunity I've seen in a while!üìàüìà

The next Eco friendly bitcoin 2.0
‚ôªÔ∏è‚ôªÔ∏è
You missed BTC prices i‚Ä¶ https://t.co/d2tMGsOYJT"
1282140,"RT @LLazator: @DawnCMW @hakb404 @chutsecret @RBlakeBrown @GuyMorin @FrancoisPicard_ @JessieMcNicoll @Simonlevrai007 @TWilsonOttawa @erinoto‚Ä¶"
1282140,"RT @muftimenk: Almighty. Keep us from being distracted as there‚Äôs so much going on around us. It‚Äôs easy to focus on failure, frustration an‚Ä¶"
1282140,"Are the Internet and social media a liberation technology (Diamond, 2010)? If you read the news coverage of the ‚Ä¶ https://t.co/mH9s2ro2pH"
1282140,"@Sandra_Cole44 @Bones46869527 @tdsb @TorontoPolice @CanadianPM @JustinTrudeau @fordnationsouI @fordnation @JohnTory‚Ä¶ https://t.co/R9KnmVZ4Kt"
1282140,"@salr_nyc @SoccerMomTrades Public Safety Canada research showed typical street price for smuggled firearms in Canad‚Ä¶ https://t.co/xpsFg6VMSz"
1282140,"RT @PhuketDailyNews: 3 bedrooms unit 195 sqm at Cherng'Lay Phuket: Project: Charng‚ÄôLay Villas and Condominium Project complete: 2010 Unit t‚Ä¶"
1292566,"RT @spaceangel1964: Seeing very poor turnout - single figure % in some areas. Well, if people can't be arsed to spend a few minutes once a‚Ä¶"
1343092,"Titanic, Notting hill, Pretty woman, The Great Gatsby (2013) and My best friends wedding  - films that will forever have my heartüò≠ü•∫."
1343092,"@atwentyfilm the great gatsby (2013)"
1343092,"RT @moonbadrep: the great gatsby (2013) https://t.co/hvqPzoPFwK"
1343092,"5/7/2013: My 3.5 star review of Bad Luhrmann's free adaptation shares the front page with Chris Christie's lap-band‚Ä¶ https://t.co/NGlWTjVtvF"
1343092,"@MeBeforYou_Mia Am√©lie
One day
Her 2013
Black swan
The platform
Chocolat 2000
About time
La la land
Paris, je t'aim‚Ä¶ https://t.co/EdY7KdBKIf"
1343092,"Every spring, my English 11 classes remind me how much I love The Great Gatsby. Book and movie (2013)."
1343092,"@frivolousloki SAM CAHILL FROM BROTHERS (2009) OR NICK CARRAWAY FROM THE GREAT GATSBY (2013) THEY ARE MY LOVES MWAH"
1343092,"The Great Gatsby (2013)
Magic Tree and I Let Myself Go
Music by Craig Armstrong (ft. Lana Del Rey) https://t.co/Sxu092euGO"
1343092,"@avxxtarot The Great Gatsby (2013), cancer moon"
1343092,"Extend vulgar auteurism to the 2013 Great Gatsby"
1343092,"RT @badpostmulligan: carey mulligan at The Great Gatsby australian premiere at Moore Park on may 22, 2013 https://t.co/GiVFpnvPZ3"
1343092,"‚ÄúThe great gatsby‚Äù is my favorite book and movie (2013)"
1343092,"The great gatsby movie came out in 2013?? I thought it was at least 20 years old what???"
1343092,"RT @dilfcarell: üèÜ TOP DE  PELICULAS üèÜ
          (TOP MOVIES)

 100. The Great Gatsby (2013) 

81 votos 

 https://t.co/SavkkNI7rh"
1343092,"The Great Gatsby (2013) https://t.co/6bkUfseta6"
1386697,"@zMartiinn James Gunn's Suicide Squad is a Sequel/Soft Reboot of the 2016 Suicide Squad."
1386697,"RT @NormalFan11: Imagine it's 2016 just completed watching BvS waiting for Suicide Squad and vibing it's comic con trailer . Life is good ,‚Ä¶"
1386697,"29. Suicide Squad (2016) directed by David Ayer https://t.co/vYjlYbQYjR"
1386697,"RT @1broodingmisfit: #SuicideSquad 2016 retrospective (Part 2 of 2) #DCEU #HarleyQuinn #Joker #ReleaseTheAyerCut
https://t.co/xmSiuytKwm"
1386697,"See Fury, End of Watch, and Training Day, then tell me with a straight face that Suicide Squad (2016) is a‚Ä¶ https://t.co/DbK4Lpjyfr"
1386697,"‚ô¢ Suicide Squad (2016) #16"
1386697,"SNEAK PEEK: Suicide Squad - 'The Good, The Bad and The Ugly' https://t.co/5EzvwzcMVR"
1386697,"Harley Quinn in Suicide Squad (2016) https://t.co/mee2s0IOMo"
1392190,"RT @Tico_Romao: #OTD George Miller's Mad Max: Fury Road (2015) had its premiere in Hollywood. A reboot of the Mad Max series that reimagine‚Ä¶"
1392190,"RT @DauntlessGhoul: ‚ú®Mad Max: Fury Road (George Miller, 2015)

#madmaxfuryroad #madmax #tomhardy #CharlizeTheron #movies #film #filmstudent‚Ä¶"
1392190,"RT @gunerih2: Mad Max: Fury Road - Stars: Tom Hardy, Charlize Theron, Nicholas Hoult, Hugh Keays-Byrne, Zo√´ Kravitz...
https://t.co/MWyLD‚Ä¶"
1392190,"RT @APEntertainment: ON THIS DAY - In 2015, Tom Hardy and Charlize Theron were among the stars at the LA premiere of Mad Max: Fury Road,‚Ä¶"
1392190,"Enjoy Mad Max: Fury Road 2015 Full Movie, Click Link!!!  WATCH NOW ‚ñ∫ https://t.co/1Lz8Cg3DjD"
1392190,"Mad Max: Fury Road - Stars: Tom Hardy, Charlize Theron, Nicholas Hoult, Hugh Keays-Byrne, Zo√´ Kravitz...‚Ä¶ https://t.co/jQlZNR8pNp"
1392190,"@livemas8 I feel the same way about Mad Max: Fury Road

Don't get me wrong, it's one of my favorite movies of 201‚Ä¶ https://t.co/uuw5WPbt6Y"
1392190,"RT @behind_pics: Mad Max: Fury Road (2015) https://t.co/vqE0pqSX1p"
1428538,"Hansel &amp; Gretel: Witch Hunters (2013) - Read 787 Movie Reviews 
Link: https://t.co/imVnXXSE1Q 
#HanselAndGretelWitchHunters #MovieReviews"
1428538,"I'm watching Hansel &amp; Gretel: Witch Hunters on https://t.co/NY4ZdwHsCW and it's amazing! #watch #movies‚Ä¶ https://t.co/DWLVUT48kS"
1428538,"hansel and gretel: witch hunters (2013) https://t.co/Zd0xrux4IB"
1428538,"hansel and gretel: witch hunters (2013) https://t.co/BnltAX7dZJ"
1428538,"RT @Horror31: Happy Birthday to Derek Mears, star of Friday The 13th (2009), Cursed (2005), The Hills Have Eyes II (2007), Hellbinders (200‚Ä¶"
1428538,"RT @RStoned171: The Last Witch Hunter (2015) VS
Hansel &amp; Gretel: Witch Hunters (2013)
Which ONE do you choose ? https://t.co/0grXTaCDTE"
1431045,"@PackardShow @JoeKellyMOA , author of perhaps my favourite comics run ever (Deadpool) who I missed when he came to‚Ä¶ https://t.co/3uM16QbclN"
1431045,"@mtgilchrist It's a three-way tie between LOGAN, SUICIDE SQUAD (2016) and Deadpool red-band."
1431045,"RT @nickisharleys: @CutAyer That trailer and this one are the only ones that predate both Deadpool &amp; BvS. This was the movie @DavidAyerMovi‚Ä¶"
1431045,"@CutAyer That trailer and this one are the only ones that predate both Deadpool &amp; BvS. This was the movie‚Ä¶ https://t.co/QoeDSYt0aI"
1431045,"üì∑ dailymarvelgifs: DAILYMARVELGIFS 1K CELEBRATION ‚Ü≥ #14 DEADPOOL (2016) | 51 votes You don‚Äôt need to be a superhero‚Ä¶ https://t.co/ZZeQLuRCMU"
1431045,"RT @EveryThingBlu91: üá™üá∏-Pre Order Live! DEADPOOL (2016) - Limited 4K Ultra-HD Lenticular Steelbook Edition. Release is June 9, 2021. Order‚Ä¶"
1431045,"RT @bxsttv: deadpool (2016) https://t.co/AnWdBsUIRQ"
1431045,"Watch Deadpool (2016) Videos
Trailers, Clips &amp; Reviews: https://t.co/rnWqOhNVyF
#Deadpool"
1431045,"I'm watching Deadpool (2016) https://t.co/8mth33xax1 #trakt"
1431045,"Imagine trying to tell a comics reader right now that there was a time circa 2016 where there were like 3 Deadpool‚Ä¶ https://t.co/b7MWxCxn12"
1431045,"Deadpool (2016) - üá∫üá∏
Director: Tim Miller
Guion: Rhett Reese, Paul Wernick https://t.co/Onz5PfEYxz"
1431045,"deadpool (2016), dir. tim miller https://t.co/J7hQQjf8Z1"
1431045,"Deadpool (2016)
‚≠êÔ∏è‚≠êÔ∏è‚≠êÔ∏è‚≠êÔ∏è
Deadpool 2 (2018)
‚≠êÔ∏è‚≠êÔ∏è‚≠êÔ∏è‚≠êÔ∏è‚≠êÔ∏è https://t.co/PO8PRVhcaQ"
1431045,"@carreiro_jason7 @ronmarz @JeremyDewayneH1 Very popular characters amongst fans, I would‚Äôve loved to see you go up‚Ä¶ https://t.co/vsNLq6Z4mP"
1661199,"That‚Äôs why I love 2015‚Äôs Branagh Cinderella: her strength isn‚Äôt about beating the sh*t of people and being rude, bu‚Ä¶ https://t.co/l4DpaTG3dV"
1661199,"@hahnsfilm wat someone already said mamma mia ill go with cinderella 2015"
1661199,"Cinderella (2015) - Read 910 Movie Reviews 
Link: https://t.co/kqCCN5uUgY 
#Cinderella #MovieReviews"
1661199,"@primarchvictus_ My physical preorders usually arrive on the day of release but I have heard of people getting luck‚Ä¶ https://t.co/QX1Ee82xlO"
1661199,"pls just watch the 2015 cinderella live action https://t.co/Gc7AXIcuMa"
1661199,"RT @TroubledDandy: Prince Charming's Costumes in Cinderella (2015). https://t.co/jncJtDxJli"
1661199,"RT @DailyFairytaIe: Cinderella‚Äôs (2015) silk organza wedding gown was a work of art https://t.co/eHwkvHHDVN"
1661199,"RT @traipsingturnip: Cinderella (2015) is the best of the recent Disney live action adaptations and I will die on this hill"
1661199,"There was literally a 2015 Cinderella movie that was great we dont need another one"
1661199,"RT @maddengaga: @PopCrave @DEADLINE Cinderella (2015) is and will always be superior  https://t.co/i3AhwnW99C"
1661199,"Another Cinderella Story - Official Trailer (HQ)
Cinderella (2015)
Watch: https://t.co/y41N4VU6p3
#Cinderella"
1661199,"RT @TheJosieMarie: üì¢ DISNEY+, BRING BACK CINDERELLA (2015). WE ARE NO LONGER ASKING, WE ARE DEMANDING"
1661199,"ok why is the 2015 cinderella not on disney plus"
1661199,"We will be watching Cinderella (2015) instead... https://t.co/HX76Oj9Dme"
1661199,"@versacesbish for me it was the costumes in the 2015 cinderella movie. i‚Äôll never forget how i felt in that theater https://t.co/t43qrCDFD0"
1663662,"Pacific Rim (2013) - Read 1,167 Movie Reviews 
Link: https://t.co/q01oSKijvx 
#PacificRim #MovieReviews"
1663662,"it also had a bunch of pacific rim rp accounts that have been dead since 2013-2014 so im assuming thats the connect‚Ä¶ https://t.co/12gBli1NRx"
1663662,"Pacific Rim (2013) - Trailers, clips, reviews and more
Watch Now: https://t.co/KxyfMgBUfk
#PacificRim"
1663662,"RT @HWGWpodcast: #NewEpisode 
HWGW Ep.54 #PacificRim (2013)
Dir.
#GuillermoDelToro
Starring
#CharlieHunnam
#EdrisElba
#RinkoKikuchi
#Charli‚Ä¶"
1663662,"#NewEpisode 
HWGW Ep.54 #PacificRim (2013)
Dir.
#GuillermoDelToro
Starring
#CharlieHunnam
#EdrisElba
#RinkoKikuchi‚Ä¶ https://t.co/UwurhqV26q"
1663662,"Giant Robots + Giant Monsters. A remastered (aka new pics) review of Pacific Rim (2013) on #BasementRejects

THE RA‚Ä¶ https://t.co/7CvKHgnzrO"
1663662,"Review: Pacific Rim (2013) https://t.co/Z19V8YjcVW @basementrejects #basementrejects"
1663662,"@ScottMendelson @nath_n123 @Forbes If the legs were better (i was saying even back in 2013 that Pacific Rim and MoS‚Ä¶ https://t.co/TCyJuq9z3y"
1663662,"@AfraidofFolks @privaterjune Pacific Rim is a 2013 monster action film directed by Guillermo del Toro"
1663662,"Pacific Rim - Blu-Ray DVD No Digital - 2013 - Used - Cleaned &amp; Tested
https://t.co/oG6YH8zstR"
1663662,"Check out Pacific Rim - Blu-Ray DVD No Digital - 2013 - Used - Cleaned &amp; Tested  https://t.co/oCrt8nC6wq via @eBay"
1663662,"Movie of the Day: PACIFIC RIM

dir. Guillermo del Toro (2013)
cast: Charlie Hunnam, Rinko Kikuchi, Idris Elba
DOP:‚Ä¶ https://t.co/yv1UgFdFse"
1663662,"Pacific Rim Official Wondercon Trailer (2013) - Guillermo del Toro Movie HD
Toro (2015)
Watch: https://t.co/zwOXVVkwda
#Toro"
1677720,"I remember back before I read Ready Player One in 2018, I was on a budget with VR, and I sent a desperate e-mail to‚Ä¶ https://t.co/wB1B4QLWHr"
1677720,"Ready Player One (2018)"
1677720,"My seeking words to explain why READY PLAYER ONE (2018) didn‚Äôt work brought me to listen to a review of it on a pod‚Ä¶ https://t.co/LI53LiJRsd"
1677720,"@misterpatches @MattDentler Then there's always shit like:

The Post principle photography started May 17, released‚Ä¶ https://t.co/BM8WcJXhoU"
1677720,"RT @renfamous: Ready Player One (2018) https://t.co/i3xFCMGVb4"
1677720,"@lux3terna omg yes i hate it so much i even wrote a blog post about it (it's a bit cringe because it's old and i wa‚Ä¶ https://t.co/OXmX1MIyEi"
1677720,"RT @renfamous: Ready Player One (2018)"
1677720,"Ready Player One (2018) - Read 1,541 Movie Reviews 
Link: https://t.co/Rq4lwiGpCl 
#ReadyPlayerOne #MovieReviews"
1677720,"@DODUMCHlT i did this one https://t.co/JJKr6Qmu90"
1741243,"Pawn Shop Chronicles, 2013 https://t.co/20N1OBrY8e"
1790885,"To ensure good health: eat lightly, breathe deeply, live moderately, cultivate cheerfulness, and maintain an inter‚Ä¶ https://t.co/Hgace4H9ze"
1790885,"RT @ggreenwald: And afterward, Leon Panetta leaked classified information to the filmmakers of Zero Dark Thirty, in order to help them cr‚Ä¶"
1790885,"I watched Zero Dark Thirty, 2012 - ‚òÖ‚òÖ‚òÖ¬Ω on https://t.co/8Wv2DAyPWd: https://t.co/owoGsbd5vZ"
1790885,"Zero Dark Thirty (2012) https://t.co/Mt4GVF1H1U"
1790885,"To give hope to someone occurs when you teach them how to use the tools to do it for themselves.

- Eddie Murphy,
Zero Dark Thirty (2012)"
1798709,"RT @SilverAgeTV: #HappyBirthday to #RobinStrasser, best known for her role as Dorian Lord between 1979 and 2013 on the ABC soap #OneLifeToL‚Ä¶"
1798709,"@daijahwest_ I mean I honestly don‚Äôt feel as if she had to or needs to , if it bothers me I‚Äôll say sumn . I wouldn‚Äô‚Ä¶ https://t.co/Gvr9G9vLmp"
1798709,"RT @ESPNFC: For the 10th straight season, the Europa League will be won by a Spanish or English teamü§∑‚Äç‚ôÇÔ∏è

üá™üá∏ 2012, Atletico 
üè¥Û†ÅßÛ†Å¢Û†Å•Û†ÅÆÛ†ÅßÛ†Åø 2013,‚Ä¶"
1798709,"RT @privatefigure_: My friend's relocating to Europe and is selling her car.
Nissan Note(new model)
YoM 2013
Very clean. No dents, no scrat‚Ä¶"
1798709,"She is ranked 16th her best combined lift is 85kg under the world record. She did not even medal in the Commonwealt‚Ä¶ https://t.co/KlXK8zDSPx"
1798709,"@CaroRackete Merkel's myopic Germany‚Ç¨First for which in 2013, she also vetoed EU refugees distribution. 
Pay off Bi‚Ä¶ https://t.co/WOzvSwpYu4"
1798709,"@Chris1Hughes @kim_henninger @KSB117 @SarahKSilverman She is ranked 16th her best combined lift is 85kg under the w‚Ä¶ https://t.co/fo3W2pqMkG"
1798709,"@natesmith_2013 if you decided to date her consistently would you suggest that she stop posting these photos ?"
1798709,"#BillGates secret revealed:
#MelindaGates warned her husband after Bill Gates met #JeffreyEpstein in 2013. https://t.co/1e5bputQNY"
1798709,"From wonder into wonder existence opens.

- 50 Cent,
Her (2013)"
1798709,"she was 3(ish) in 2013, so is now about 11 or so. No exact day due to getting her from shelter and they didnt know‚Ä¶ https://t.co/QzLHP9R6iC"
1800241,"5 to 7, 2014
47 Ronin, 2013
A United Kingdom, 2016
Allied, 2016
American Hustle, 2013
Beasts of No Nation, 2015
Bla‚Ä¶ https://t.co/ZSFDsztlML"
1800241,"RT @TheSpaceshipper: #Andor 
Michael Wilkinson is costume designer. He worked on Babel (2006), 300 (2006), Watchmen (2009), Terminator Salv‚Ä¶"
1800241,"RT @conormurrayTM: Amy Adams ‚ú®

The Fighter (2010)
American Hustle (2013)
Sharp Objects (2018)
Hillbilly Elegy (2020) https://t.co/HU8Ch5D8‚Ä¶"
1800241,"1- American Hustle (David O. Russell, 2013)
2- Silver Linings Playbook (David O. Russell, 2012)
3- Serena (Susanne Bier, 2014)"
1800241,"@insufficentfund I looked it up and thought, wait isn't Bradley Cooper in this? And then my research showed I was t‚Ä¶ https://t.co/0SXqTosK56"
1800241,"@iloading33
145-American Hustle 2013

 #ŸÖÿ≥ÿßÿ®ŸÇŸá_ÿ≠ÿ±ÿßÿ¨22 https://t.co/LrmabhZW3t"
1800241,"Amy Adams ‚ú®

The Fighter (2010)
American Hustle (2013)
Sharp Objects (2018)
Hillbilly Elegy (2020) https://t.co/HU8Ch5D86q"
1800241,"RT @eliesaaab: Jennifer Lawrence in American Hustle (2013) https://t.co/hhTWrDu8rL"
1800241,"upon further research, the movie i watched the last 90 minutes of in the hospital was american hustle (2013)"
1800241,"Film Review: AMERICAN HUSTLE (2013): Russell's Fun, Entertaining Film https://t.co/WfILRSHMmK https://t.co/vei8I73FHu"
1800241,"Dear Kathrine Gordon, Department Head Hair Stylist for AMERICAN HUSTLE https://t.co/TIL3d0bvfG"
1800241,"RT @guginosource: Carla Gugino and Amy Adams at the 'American Hustle' premiere (2013). https://t.co/6mjvfYbnhi"
1843866,"RT @sebloveb0t: Sebastian Stan as Bucky Barnes, Captain America: The Winter Soldier (2014) https://t.co/sJAhCKIFpU"
1843866,"RT @bestmarvelwomen: captain america: the winter soldier (2014) https://t.co/v3pdd8IaVk"
1843866,"RT @dailysharons: captain america: the winter soldier (2014) https://t.co/qK1o1SiEFa"
1843866,"RT @barnesarchive: - captain america: the winter soldier (2014) https://t.co/0IxDxSBMZj"
1872181,"The Amazing Spider-Man 2 (2014) - Read 1,341 Movie Reviews 
Link: https://t.co/e8DyxsZyVD 
#TheAmazingSpiderMan2 #MovieReviews"
1872181,"Dear Pietro Scalia, Editor on THE AMAZING SPIDER-MAN 2 https://t.co/JrPwuVAfcE"
1872181,"The Amazing Spider-Man 2 / Niesamowity Spider-Man 2
(2014, Marc Webb) https://t.co/pXCRP6lR4A"
1872181,"During an interview for The Amazing Spider-Man 2 in 2014, Andrew Garfield said it would be a dream come true to joi‚Ä¶ https://t.co/0CPdhiFtHz"
1872181,"RT @LessShot: THE AMAZING SPIDER-MAN 2 (2014)
Cinematography by Dan Mindel
Directed by Marc Webb
Submitted by @tomb_raider2 https://t.co/aW‚Ä¶"
1872181,"*continues
And here are the non-MCU films *continues showing them on his laptop*
Sam Raimi‚Äôs Spider-Man trilogy:
Sp‚Ä¶ https://t.co/XcVGlcMIEs"
1872181,"Superb Shot | 019

The Amazing Spider-Man 2 (2014) 

Cinematography By: Dan Mindel https://t.co/LC7CQ1qi9C"
1872181,"@adamblevins_ @MCU_Direct That was a picture back in 2014 on set of the amazing Spider-Man 2"
1951261,"RT @CinemaInFrames: THE HANGOVER PART III (2013)
Cinematographer: Lawrence Sher
Director: Todd Phillips https://t.co/8QUntC09sH"
1951261,"THE HANGOVER PART III (2013)
Cinematographer: Lawrence Sher
Director: Todd Phillips https://t.co/8QUntC09sH"
1951261,"Stream The Hangover Part III (2013) HD Videos
Trailers &amp; Reviews: https://t.co/COrZw6clKA
#TheHangoverPartIII"
1951261,"The Hangover Part III (2013) - Read 838 Movie Reviews 
Link: https://t.co/ZuwInRho71 
#TheHangoverPartIII #MovieReviews"
1951261,"The Hangover Part III (2013) Watch Online
Browse Videos Now: https://t.co/COrZw6clKA
#TheHangoverPartIII"
1951261,"The Hangover Part III Official Red Band Trailer (2013) - Bradley Cooper Movie HD
III (2015)
Watch: https://t.co/OVDPc20FIm
#III"
1951264,"the hunger games: catching fire (2013) https://t.co/4m241P4fi1"
1979320,"RT @btronmedia: big time rush - more photos from the promotional shoot (2013) https://t.co/jdmb6COI1B"
1979320,"RT @RushHistory2112: Rush: An Oral History Toronto Star Newspapers May 2013 Read courtesy of @cygnusx1net here https://t.co/kzDMICnltg ht‚Ä¶"
1979320,"Rush (2013)

[don't let niki see this /lh] https://t.co/IJXFSSTrJx"
1979320,"Rush - Subdivisions - Live in Baltimore, MD (Clockwork Angels Tour 2013) https://t.co/vKMwJ0L0kP via @YouTube"
1979320,"Rush: An Oral History Toronto Star Newspapers May 2013 Read courtesy of @cygnusx1net here https://t.co/kzDMICnltg https://t.co/ILdWHETOPJ"
1979376,"RT @wannamovie: Toy Story 4 (Josh Cooley, 2019) https://t.co/645PWFw3fd"
1979376,"RT @moviedetail: In Toy Story 4 (2019), a plate at the antique store has the emblem of Merida's Clan from Brave (2011) on it. https://t.co/‚Ä¶"
1979376,"Toy Story 4 (Josh Cooley, 2019) https://t.co/645PWFw3fd"
1979376,"In Toy Story 4 (2019), a plate at the antique store has the emblem of Merida's Clan from Brave (2011) on it.‚Ä¶ https://t.co/XuLVrwfBmI"
1979376,"RT @favsscenes: Toy Story 4, 2019 https://t.co/N1cGlKU8sG"
1979376,"RT @TheEricGoldman: In 2019, these 9 movies made over a billion dollars: 

Avengers: Endgame
The Lion King
Frozen II
Spider-Man: Far From H‚Ä¶"
2096673,"Inside Out (2015) - Read 1,278 Movie Reviews 
Link: https://t.co/7hY4xrcU9W 
#InsideOut #MovieReviews"
2096673,"38. inside out (2015) dir. pete docter. https://t.co/LrxjyHHY6T"
2096673,"@JohnHannah09 @CarolforTexas ü§£ü§£ I don‚Äôt think YOU know. Ludicrous stance you can only be safe inside a grocery,etc‚Ä¶ https://t.co/wuXfqCw6Dx"
2096673,"RT @favsscenes: Inside Out, 2015 https://t.co/fcElD2q78N"
2096673,"3. inside out (2015) rewatched https://t.co/zE6E6FELvt"
2096673,"The Christian haters, and abortion lovers are out in droves, salivating.

MarjoriesQrackPipe commented on MailOnlin‚Ä¶ https://t.co/zQb1uyrV6c"
2096673,"RT @kawowosports: ON THIS DAY in 2015, Leo Messi scored this ICONIC goal against Bayern Munich. 

Oh, and he turned Jerome Boateng inside o‚Ä¶"
2096673,"RT @uzorhenry: @itsmeaninglesss @DavidsonOffor @MBuhari @YeleSowore @BayoAdedosu @woye1 @scarfizal @lollylarry1 @Mayor_ofph @babangidarimi1‚Ä¶"
2096673,"@itsmeaninglesss @DavidsonOffor @MBuhari @YeleSowore @BayoAdedosu @woye1 @scarfizal @lollylarry1 @Mayor_ofph‚Ä¶ https://t.co/6JWae9lyGi"
2103281,"Dawn of the Planet of The Apes 2014 Movie Explained in Bangla | Action Adventure Movie Summarized

https://t.co/DcTU9GAelJ"
2103281,"Dawn of the Planet of the Apes (2014) - Watch Online
Trailers &amp; Movie Clips: https://t.co/OiWt9Ds8UD
#DawnOfThePlanetOfTheApes"
2103281,"I got to go to Walt Disney World in 2014 and 2015 and both times I went to the movies there.

In 2014 I saw TRANSFO‚Ä¶ https://t.co/O8tOk0uxwZ"
2103281,"I'm watching Dawn of the Planet of the Apes (on Blu-ray). https://t.co/gvL7k3vKFr #trakt"
2103281,"Dawn of the Planet of the Apes (2014) - Read 1,161 Movie Reviews 
Link: https://t.co/BE8s2aMTTj 
#DawnOfThePlanetOfTheApes #MovieReviews"
2103281,"#DawnOfThePlanetOfTheApes (2014) on #Vidimovie
Watch Videos: https://t.co/OiWt9Ds8UD"
2103281,"Dawn of the Planet of the Apes 2014 https://t.co/aBcEO7MEJe"
2103281,"Just finished watching Dawn of the Planet of the Apes (2014). https://t.co/WAfqMBBXYj #trakt"
2103281,"Rise Dawn of the Planet of the Apes 1+2 2014 Film Explained in Hindi-Urd... https://t.co/nHHCn5yzj8 via @YouTube"
2179136,"A life spent making mistakes is not only more honourable but more useful than a life spent in doing nothing.

- S‚Ä¶ https://t.co/eWDWOAGm40"
2179136,"American Sniper (2014) - Read 957 Movie Reviews 
Link: https://t.co/TnsjUAYJM1 
#AmericanSniper #MovieReviews"
2179136,"American Sniper (2014)

still wondering if he got what he deserved https://t.co/Si3L1JuTio"
2179136,"RT @GoodBadUglyMule: Bradley Cooper and Clint Eastwood on the set of American Sniper (2014). https://t.co/q4Nl2EL1Jq"
2179136,"Some people are always grumbling because roses have thorns; I am thankful that thorns have roses.

- Ninet Tayeb,
American Sniper (2014)"
2179136,"RT @GoodBadUglyMule: Bradley Cooper and Clint Eastwood behind the scenes of American Sniper (2014). https://t.co/ZMTT2ncWIf"
2179136,"Bradley Cooper and Clint Eastwood behind the scenes of American Sniper (2014). https://t.co/ZMTT2ncWIf"
2179136,"The 2014 Oscar slate if they'd put me in charge:

Remove American Sniper, The Imitation Game, The Theory of Everyth‚Ä¶ https://t.co/Zok7U2PDUU"
2179136,"When you click on Indian Movies, but Netflix plays American Sniper (2014)."
2179136,"american sniper (2014) dir. clint eastwood"
2179136,"RT @GoodBadUglyMule: Clint Eastwood and Bradley Cooper on the set of American Sniper (2014). https://t.co/xCPxuvF1oa"
2179136,"Clint Eastwood and Bradley Cooper on the set of American Sniper (2014). https://t.co/xCPxuvF1oa"
2277860,"Finding Dory (2016): https://t.co/hwqtPgUqNJ"
2277860,"Regardez PIPER Disney Pixar Full Short Film Official Promos | Finding Dory Bonus (2016) Animation Adventure sur Y‚Ä¶ https://t.co/nSATiDtAX5"
2277860,"RT @Disney_Timeline: 2016 - Characters from Finding Dory are incorporated into Turtle Talk with Crush at The Seas with Nemo and Friends in‚Ä¶"
2277860,"2016 - Characters from Finding Dory are incorporated into Turtle Talk with Crush at The Seas with Nemo and Friends‚Ä¶ https://t.co/Gfqoopc2o4"
2277860,"Check out FINDING DORY 2016 DISNEY BLU-RAY/DVD BRAND NEW ELLEN DEGENERES https://t.co/TFTd4a01pn @eBay"
2277860,"39. Finding Dory (2016) directed by Andrew Stanton and Angus MacLane (ùíìùíÜùíòùíÇùíïùíÑùíâ)

‚ÄúFor a guy with three hearts you're‚Ä¶ https://t.co/0x1T1KPZSP"
2277860,"Finding Dory Official Trailer #3 (2016) Ellen DeGeneres Animated Movie HD
Ellen (2016)
Watch: https://t.co/9LQEZgZRj9
#Ellen"
2277860,"RT @munconvo: üê≥

2003 : Finding Nemo
2016 : Finding Dory
2021 : Finding Money"
2277860,"Finding Dory ‚Äì UK Trailer ‚Äì Official Disney Pixar | HD
Finding Dory (2016)
Watch: https://t.co/PA2ZUd8i8J
#FindingDory"
2277860,"The #redband trailer for this movie accidentally played before Finding Dory, horrifying young audiences. https://t.co/m0QMYQiIAJ"
2277860,"intrusive flashback to the time I watched Finding Dory (2016) with my parents and I cried so hard that my father pa‚Ä¶ https://t.co/YRRepakyVF"
2278388,"#NRW The Grand Budapest Hotel (2014) https://t.co/YaXZkkGmh3"
2278388,"RT @FilmstoFilms_: The Grand Budapest Hotel (2014) https://t.co/nLEiB7z6Iy"
2278388,"RT @alisalem147: The Grand Budapest Hotel (2014) 
dir. Wes Anderson https://t.co/FTz3LNpvcd"
2278388,"The Grand Budapest Hotel (2014) https://t.co/4KxgjvsHkF"
2278388,"Whiplash (2014)
The Intouchables (2011)
The Grand Budapest Hotel (2014)
Snowpiercer (2013) https://t.co/T7CyMzfCof"
2278388,"Instead of saying that man is the creature of circumstance, it would be nearer the mark to say that man is the arc‚Ä¶ https://t.co/p855T6qsBR"
2278388,"Don't be afraid to go out on a limb. That's where the fruit is.

- Jeremy Renner,
The Grand Budapest Hotel (2014)"
2278388,"RT @biglttlefleabag: city shots in the grand budapest hotel (2014) https://t.co/ZRbR24BwLZ"
2302755,"RT @primevideouk: ùôâùôÄùôí ùòºùòøùòøùôÑùôèùôÑùôäùôâùôé ùôèùôÉùôÑùôé ùôíùôÄùôÄùôÜ

Without Remorse (2021)
Chick Fight (2020)
Rock Of Ages (2012)
Olympus Has Fallen (2013)
London H‚Ä¶"
2302755,"Olympus Has Fallen Official Trailer #1 (2013) - Morgan Freeman Movie HD
Fallen (2017)
Watch: https://t.co/S19vuTO9CG
#Fallen"
2302755,"Olympus Has Fallen (2013) - Read 993 Movie Reviews 
Link: https://t.co/InF5rcrYIV 
#OlympusHasFallen #MovieReviews"
2302755,"Watching Olympus Has Fallen, 2013."
2334879,"RT @BooksInFilms1: Conversations With Myself¬†by¬†Nelson Mandela. White House Down¬†(Roland Emmerich, 2013) #BooksInFilms #BooksInMovies #Nels‚Ä¶"
2334879,"Conversations With Myself¬†by¬†Nelson Mandela. White House Down¬†(Roland Emmerich, 2013) #BooksInFilms #BooksInMovies‚Ä¶ https://t.co/ski71pDbBF"
2334879,"Remember when White House Down when military and cabinet officials attempted a coup... seemed like such an insane c‚Ä¶ https://t.co/P2P5cSUsdz"
2334879,"White House Down (2013)
I was drawn to White House Down by its dreadful poster which seemed to depict the president‚Ä¶ https://t.co/dYZxm7W6uC"
2334879,"Dear David Loveday, Senior Pyrotechnician on WHITE HOUSE DOWN https://t.co/Kkbd8nYfhI"
2334879,"RT @LesHailYes: White House Down:
A movie made in 2013 about white nationalist led by James Woods taking over the government 

Doesn't seem‚Ä¶"
2380307,"@sanamfan_ @SathyaShiva11 See this movie senior
üíØ‚úåüèªüôåüèª
Coco (2017) https://t.co/ULaNmugnJ6"
2380307,"It's #DyingMattersWeek &amp; MYsocial is bringing  you a #movienight on Zoom, Friday 21st May at 2pm: Coco (2017) &amp; a d‚Ä¶ https://t.co/VyoMc1ZcnN"
2380307,"RT @sonyejinpics: No crop, so here's Son Yejin at 2017 Busan International Film Festival's red carpet‚ú® https://t.co/CKJs1y8Ge4"
2380307,"RT @DInesCasillas: Dear @scmsLatinx : UCSB's Music Dept hosts Jacqueline Avila (Tennessee) for her talk: Memorias de Oro: Music, Memory, a‚Ä¶"
2380307,"My ‚òÖ‚òÖ‚òÖ‚òÖ‚òÖ review of Coco on Letterboxd https://t.co/kCWhmbKpEb"
2380307,"Dear @scmsLatinx : UCSB's Music Dept hosts Jacqueline Avila (Tennessee) for her talk: Memorias de Oro: Music, Memo‚Ä¶ https://t.co/NkGZMXOfdr"
2380307,"@stephie_coco üò≠üò≠üò≠
2017 for me"
2380307,"btw i luv my icon just found it in my mothers gallery lmao that was taken at 2017 ig i'm trying to be like 'that' m‚Ä¶ https://t.co/mxEBYNQ9ik"
2380307,"RT @FastTrackNaija: Nigerian table tennis wizard, Mustapha Musa, has been ranked world's number 1 tennis player in Boys U-11 Cadet Category‚Ä¶"
2380307,"RT @cherish_sehun94: jo yong geun is a 95 liner &amp; a friend of sehun whom sehun cheered on when he was a contestant in ‚Äòproduce 101 season 2‚Ä¶"
2380307,"My ‚òÖ‚òÖ‚òÖ‚òÖ‚òÖ review of Coco (2017) on @letterboxd: https://t.co/5GOL90NOnG"
2388771,"RT @free_thinker: A photo of violence during Ram Navami celebrations in Burdwan in 2018 has been falsely linked to the post-poll violence i‚Ä¶"
2388771,"As always I'll skip animated stuff (voice work) &amp; cameos as himself, so no threads on 
69: The Grinch (2018)
70: Mo‚Ä¶ https://t.co/ekDI8W1dtT"
2388771,"Remembering #OARSI 2018 in Liverpool. Great meeting. Here‚Äôs a dinner event at #mowgli. Zoom in. Some important peop‚Ä¶ https://t.co/Z6ZAHcnwj1"
2574698,"@Er_Fatehsidhu Hahahahah i know how much suport u get its like 100 me se 110 milyü§£ü§£ü§£ü§£. So wake up from long sleep f‚Ä¶ https://t.co/hzZlEcwae6"
2574698,"@Er_Fatehsidhu Hahahaha u r cry already from 2014üòÜüòÜ. M just tweet onlyüòâüòâ. Your protest peacefull bcz u know if u do‚Ä¶ https://t.co/GPuY40Ncoq"
2584384,"RT @YemmyTheFerret: NEW episode of Film Freakz is out now on youtube and podcast platforms!  This episode we talked about Jojo Rabbit from‚Ä¶"
2584384,"@sphinxofgrease Totoro/Kiki (10) - the greatest couple of films about childhood ever made
Parasite (8) - the funnie‚Ä¶ https://t.co/BOcHl5F7LB"
2584384,"58. Jojo Rabbit (2019) https://t.co/bWQ8T1kjRX"
2584384,"NEW episode of Film Freakz is out now on youtube and podcast platforms!  This episode we talked about Jojo Rabbit f‚Ä¶ https://t.co/r2GbxTbEZy"
2584384,"RT @Medical_Nomad_: ‚ÄúLet everything happen to you. Beauty and terror. Just keep going. No feeling is final.‚Äù -Rainer Maria Rilke

üé¨ Jojo Ra‚Ä¶"
2584384,"Jojo Rabbit (2019) 8/10 https://t.co/JgIQUKulS5"
2584384,"‚ÄúLet everything happen to you. Beauty and terror. Just keep going. No feeling is final.‚Äù -Rainer Maria Rilke

üé¨ Joj‚Ä¶ https://t.co/yRXmCzitOP"
2584384,"Jojo Rabbit (2019) https://t.co/UsmXnr8WcJ"
2584384,"@BenShh1 Not me having Jojo Rabbit at the top of my 2019 list"
2584384,"Jojo Rabbit (2019) is a Christmas Movie"
2584384,"üìΩÔ∏è Jojo Rabbit (Taika Waititi, 2019)

üìçIn this scene when the Gestapo comes to Jojo's house Heil Hitler is said 3‚Ä¶ https://t.co/CaPwKVATuO"
2584384,"RT @tvstravis: New episode of the podcast is out now! Come listen to @RunJumpStomp and I talk about JoJo Rabbit (2019)
This was a fun one
h‚Ä¶"
2584384,"New episode of the podcast is out now! Come listen to @RunJumpStomp and I talk about JoJo Rabbit (2019)
This was a‚Ä¶ https://t.co/8D90Bj1EXb"
2584384,"RT @ryanvillaluzz: the scarlett johansson girlbossing sam rockwell cinematic universe 

iron man 2 (2010) // jojo rabbit (2019) https://t.c‚Ä¶"
2584384,"the scarlett johansson girlbossing sam rockwell cinematic universe 

iron man 2 (2010) // jojo rabbit (2019) https://t.co/zVHDO0lGfw"
2802144,"Kingsman: The Secret Service (2014) [DVDRip] https://t.co/3V2OgeDthc"
2802144,"RT @The_Trxth: Interesting... 

This is from Kingsman: The Secret Service (2014) https://t.co/k8l1f9f38Y"
2802144,"Kingsman: The Secret Service (2014)
https://t.co/LxAeb0GGUE"
2802144,"Kingsman: The Secret Service (2014) - Read 1,168 Movie Reviews 
Link: https://t.co/rGrZd8hHG8 
#KingsmanTheSecretService #MovieReviews"
2872732,"Timeline of when I made my OCs: 
- Blake and Quil (2010/2011)
- Jackson and Lucy (2012)
- Liza (2013)
- Tempest, Fr‚Ä¶ https://t.co/qADpQM6dcy"
2872732,"RT @RLSCHMALTZ: Imagine @katecrawford's work, 'ATLAS OF AI: Power, Politics, and the Planetary Costs of Artificial Intelligence', adapted i‚Ä¶"
2872732,"Imagine @katecrawford's work, 'ATLAS OF AI: Power, Politics, and the Planetary Costs of Artificial Intelligence', a‚Ä¶ https://t.co/tFqFyQl03J"
2872732,"üì∑ gwil-lee: Paddington and Aunt Lucy in Paddington (2014) and Paddington 2 (2018) dir. Paul King https://t.co/jz9Zo75m5y"
2872732,"@Mark1957 @ScottishGroup Unless you count Ivan McKee, who told us in 2014 he was not snp, and a couple of months af‚Ä¶ https://t.co/D3MMYkHASu"
2872732,"Lucy (2014) - Brain usage 10-20% - Cool/Epic Scenes [1080p] https://t.co/fw3M3VNl5d via @YouTube"
2872732,"Lucy (2014) https://t.co/jgcQBbDygY"
2872732,"Now Watching üì∫

Lucy (2014) https://t.co/xJHWH1Sejq"
2872732,"Lucy (2014) https://t.co/9GreXUCV1v"
2872732,"RT @henry_kianduma: @Sam_Lulli @kamunya_Lucy PCEA had pressed charges against the same newspaper in 2014,,,they are good in spreading false‚Ä¶"
2872732,"RT @MissWHPT: Update: My dad was charged under 505 (c)-hate speech. The evidence being used is a 2014 email found on his phone where he wro‚Ä¶"
2872732,"@Sam_Lulli @kamunya_Lucy PCEA had pressed charges against the same newspaper in 2014,,,they are good in spreading false info"
2872732,"Taylor Swift has noTHING on Lucy Hale‚Äôs Road Between (2014)"
2872732,"Lucy‚Äôs ready for the spurs game today üê∂@spurs @SpursCoyote https://t.co/iwagAUk7oe"
2884206,"The Southern Baptists did not oppose (and some even celebrated) Roe v. Wade in the beginning and I think we should‚Ä¶ https://t.co/5azQV2wch5"
2884206,"I origins (2014). scorpio moon ‚ôè https://t.co/zd14soXlFu"
2884206,"Kingdom Rush Origins, its 2014 game, is the cream of the fucking crop. I love it, it actually makes you strategize,‚Ä¶ https://t.co/oIDAuGLqqn"
2980516,"‚ÄúHowever difficult life may seem, there is something you cam do and succeed at.‚Äù
The Theory Of Everything ‡∏ó‡∏§‡∏©‡∏é‡∏µ‡∏£‡∏±‡∏Å‚Ä¶ https://t.co/ATPFOlTGrv"
2980516,"The Theory of Everything (2014) https://t.co/uFZSS1Fbvf"
2980516,"üéñÔ∏èPuesto 45üéñÔ∏è

 The Theory of Everything (2014) 
https://t.co/qy8AKBbPtp"
2980516,"My ‚òÖ‚òÖ¬Ω review of The Theory of Everything (2014) on @letterboxd: https://t.co/gn7k8oVNUd"
2980516,"RT @Zero6Trip: Stephen Hawking Discovers The Black Hole Theory | The Theory Of Everything (2014) | SceneScreen
 https://t.co/QNHVCHfail via‚Ä¶"
2980516,"my ‚òÖ‚òÖ‚òÖ¬Ω review of the theory of everything on letterboxd https://t.co/fCmc9yNy3p"
2980516,"The Theory of Everything (2014) https://t.co/8Y9m29wOBa"
2980516,"RT @bayansfreespace: - The Theory of Everything (2014) https://t.co/v0zWdOa730"
2980516,"RT @RayaFilms: Check out MIA MILLS @_mia_mills_ on @IMDb who is known for Black Mirror (2013), The Theory of Everything (2014), and Do Some‚Ä¶"
3040964,"RT @Disney: Happy 5th anniversary to this wild crew! The live action reimagining of The Jungle Book was released on this day in 2016. https‚Ä¶"
3040964,"@debbie_odonnell I was thinking since you posted and maybe The Magnificent Seven (1960), Scarface (1983) and perhap‚Ä¶ https://t.co/ibvI44LNGK"
3040964,"@alkelbrow I have considered that too, maybe it would be like a fun little eastern cousin to the Kong species 

I m‚Ä¶ https://t.co/LTjxlAYWn6"
3040964,"RT @MovieEffectVfx: The Jungle Book (2016)üòç https://t.co/9BAmcEebKp"
3040964,"I watched #The_Jungle_Book 2016 must say it is far better Than 2019 Lion King https://t.co/6SfoOP5mTG"
3040964,"@TheGregAlba Wooow, knowing how much you have a fear of snakes, I also NEVER thought I‚Äôd see you do this... I remem‚Ä¶ https://t.co/YWg5w9wOFQ"
3076658,"For today this band have some great singles; Scream_silence_:x:
The Sparrows and The Nightingales (2000) 
Forgot‚Ä¶ https://t.co/gHh27mM7TT"
3076658,"@BarbaraComstock Gosh I hate to beat on a dead horse, but when will you apologize for your riding the fence in 2015‚Ä¶ https://t.co/75peGRnTeW"
3076658,"Go put your creed into the deed. Nor speak with double tongue.

- Catherine Zeta-Jones,
Mad Max: Fury Road (2015)"
3076658,"@magadizer I've no doubt that there was some tweaking done, especially to the faces, but it really was a single tak‚Ä¶ https://t.co/2xrySoEax4"
3076658,"Creed (2015) - Read 1,197 Movie Reviews 
Link: https://t.co/mBOPjOirwU 
#Creed #MovieReviews"
3076658,"I'm watching Creed (2015) https://t.co/txaBFIrJXg #trakt"
3076658,"RT @simonefiii: 2. MICHAEL B. JORDAN (February 9th 1987; Aquarius)

can be seen in: Fruitvale Station (2013), Creed (2015)/Creed II (2018),‚Ä¶"
3076658,"I rated Creed (2015) 10/10  #IMDb https://t.co/NmyYWS0XKA"
3076658,"Wake up bro it's 2015 
*Listening to yo yo honey Singh*
*While having Cheetos with limca*
Playing Assassin creed an‚Ä¶ https://t.co/hTOw7RcDJb"
3076658,"Urban bikes were featured in the film Creed of the Rocky Franchise in 2015. 

I imagine it is safe to say the phe‚Ä¶ https://t.co/7Zt5lFaXMF"
3076658,"For spin-offs I lean to the main film. Hobbs &amp; Shaw was the 9th film in FAST. Rocky &amp; Creed are the same universe.‚Ä¶ https://t.co/LekeBZWB8i"
3076658,"Creed - Official Trailer 2 [HD]
Creed (2015)
Watch: https://t.co/pIXC9ZfoOL
#Creed"
3076658,"My ‚òÖ‚òÖ‚òÖ‚òÖ‚òÖ review of Creed (2015) on @letterboxd: https://t.co/ie2e6KjRL6"
3076658,"@rsantana2024 2015 was lame for Academy choices. Straight Outta Compton should have been there.  Heck even Creed wa‚Ä¶ https://t.co/nHhqNMOBXW"
3226786,"@cvpayne Caharles, Neil, Stuart &amp; others @ Fox business
@TeamCavuto @Varneyco 
You know better our economy is not o‚Ä¶ https://t.co/seMqyo4ZoX"
3226786,"RT @OnLondon: @jtalora The excellent @LewisBaston identified this in our election guide as - despite outward appearances - the constituency‚Ä¶"
3226786,"@jtalora The excellent @LewisBaston identified this in our election guide as - despite outward appearances - the co‚Ä¶ https://t.co/BJAJPYTVrA"
3226786,"@CharbelBF1 @OmarTamo19 Correct, a bigger responsibility because they actually got elected to be in power. Regardin‚Ä¶ https://t.co/yGQyzAqg2u"
3226786,"RT @Sajizzle: Sasha‚Äôs 2020-21 Mania to Mania season is bigger than Becky‚Äôs 2018-19 Mania season. *hovers finger over block button*"
3226786,"Sasha‚Äôs 2020-21 Mania to Mania season is bigger than Becky‚Äôs 2018-19 Mania season. *hovers finger over block button*"
3226786,"@Handymanjoe5 @onestafc @Aldolees1872 There is what though? What's the wage bill got to do with performance?. Celti‚Ä¶ https://t.co/5RfNSVUrQh"
3226786,"RT @G2tGhost: @ChelseaFix One good season and they don't know how to act madrid has 60 injuries and Messi whooped you in 2018 without neyma‚Ä¶"
3226786,"@dpsmith19771 @RayJCapo79 @lozza929406 @FootyRhino @WestCoastEagles @HawthornFC Missing top 4 three times in 5 year‚Ä¶ https://t.co/e31hhixQOE"
3226786,"RT @AlexColangelo: In the US pedestrian deaths were found to be up 46% since 2009. But vehicles get bigger. Roads get wider. Rinse and repe‚Ä¶"
3226786,"$LTC 
MOST BULLISH CHART
$LTC breaking previous 2018 resistance 
Also with #Bitcoin pumping it'll have an even bigg‚Ä¶ https://t.co/jf8NL4UkDt"
3226786,"RT @BellumPaxBR: This account can be summed up in I cover countries that were on the edge of a great cliff, after falling from several sma‚Ä¶"
3226786,"RT @tundeolatunji10: Land size of a nation is not the asset but productivity of the inhabitants.FCT, Abuja is 10times bigger than SINGAPORE‚Ä¶"
3226786,"RT @BNdehi: Africa is the continent with the lowest CO2 emissions. In 2018 we spent $433.57bn on goods &amp; services produced by S&amp;P 500 compa‚Ä¶"
3226786,"‚óá Mot√∂rhead 'No Sleep To Hammersmith' Is About To Get A Whole Lot Bigger - Noise11 https://t.co/e8kKY31E80"
3450650,"Paul Blart: Mall Cop 2 (2015)

Unfortunately, this is also the only funny scene in the whole damn movie. https://t.co/YxVJivgy0p"
3450650,"Paul Blart: Mall Cop 2 is a 2015 American action comedy film directed by Andy Fickman and written by Kevin James an‚Ä¶ https://t.co/dSdNv5duA7"
3612616,"@nachiniesta Mommy (2014)"
3612616,"@4nclru mommy (2014)"
3612616,"My ‚òÖ‚òÖ‚òÖ‚òÖ‚òÖ review of Mommy on Letterboxd https://t.co/AD0ahd5kxw"
3612616,"#nw mommy (2014) https://t.co/EPJTOVqmSr"
3612616,"Eleven Free Crochet Toy and Lovey Patterns https://t.co/sPySoHScAZ https://t.co/X0nHyGadOg"
3612616,"RT @hafilova: 70. Dumplings (2004)
71. Goodnight Mommy (2014)
72. House (1977)
73. Lake Mungo (2008) https://t.co/kMCbBVLVZe"
3612616,"Recordando Mommy (2014)"
3612616,"RT @thetwofifty: It's always interesting to revisit Cannes diaries years afterwards, to see how opinions hold up.

To be fair, the 2014 Can‚Ä¶"
3612616,"It's always interesting to revisit Cannes diaries years afterwards, to see how opinions hold up.

To be fair, the 2‚Ä¶ https://t.co/r9PqgkXF2P"
3612616,"RT @filmeia: Mommy (2014) https://t.co/rToWduOXmB"
3612616,"this is where i leave you (2014) 7/10

por favor jane fonda que ganas de que seas mi sugar mommy https://t.co/cUCQghm5FU"
3612616,"Me 2013/2014
This is like more polished me.
And less aggressive and less rap and way less informative lyrics. Mommy‚Ä¶ https://t.co/KSuXQo0jFU"
3612616,"RT @jimmyroybloom: https://t.co/3O6PglWI1W 

TI Marlo Rashun shared to TI Group

The perps use license plates with my mommy's birthday on i‚Ä¶"
4520988,"40/100 Frozen II (2019) - in which Elsa does the ultimate power move: putting her hair into a ponytail before kicki‚Ä¶ https://t.co/nZJTzJBoUl"
4520988,"RT @MovieGifBot: üîπ FROZEN II
Chris Buck, Jennifer Lee, 2019
https://t.co/bomJbiRBua https://t.co/gMuAYkQGAl"
4520988,"@alec_behan Frozen II (2019) made allot of money yet it fell short mainly because of expectations üò≠"
4520988,"üîπ FROZEN II
Chris Buck, Jennifer Lee, 2019
https://t.co/bomJbiRBua https://t.co/gMuAYkQGAl"
4520988,"All Is Found Lyrics 
All Is Found is a song, performed by Evan Rachel Wood, for the film 2019 American animated fan‚Ä¶ https://t.co/uBf3farGj4"
5022702,"RT @LisaMcCormickNJ: Michael Cohen pleaded guilty to these crimes, testified under oath that he had acted at the direction of Trump and was‚Ä¶"
5022702,"RT @SteveESpaulding: Yesterday, it became public that Republican @FEC Commissioners blocked an enforcement action against Donald Trump &amp; th‚Ä¶"
5022702,"RT @nytimes: Breaking News: The FEC dropped a review of whether Donald Trump broke election laws in 2016 with hush-money payments from his‚Ä¶"
5022702,"RT @kylenabecker: The FEC voted Thursday to close a probe of former President Donald Trump‚Äôs 2016 campaign... On a 4-1 vote, the panel end‚Ä¶"
5022702,"‚Äú2 Democrats on the FEC are criticizing Republican members after the commission deadlocked &amp; did not take action ag‚Ä¶ https://t.co/a1PfgvP4DX"
5022702,"Yesterday, it became public that Republican @FEC Commissioners blocked an enforcement action against Donald Trump &amp;‚Ä¶ https://t.co/YEQ0wY2pH2"
5022702,"RT @ChrisAlbertoLaw: @kylegriffin1 Three men were in the room when the scheme to pay hush money to a porn star was hatched wks before the 2‚Ä¶"
5022702,"RT @JoeMyGod: FEC Drops 2016 Hush Money Investigation Into Trump - https://t.co/wQ0dE3l7tu https://t.co/qtMmR917Aa"
5022702,"RT @nevermore_007: One of the commissioners worked for Donald Trump's 2016 campaign.

Election commissioners picked by Trump let him off th‚Ä¶"
5022702,"One of the commissioners worked for Donald Trump's 2016 campaign.

Election commissioners picked by Trump let him o‚Ä¶ https://t.co/VYtGlm7tkA"
7286456,"@seungmofan i wasnt around back then but i know i wiuldve become the joker over this Okay actually i feel like if i‚Ä¶ https://t.co/1zeHQhDNHc"
7286456,"Cruella is litterally just the joker (2019) from how the trailers depict it
However she is objectively worse since‚Ä¶ https://t.co/bi1aLUNAeU"
7286456,"RT @Naoeolewis: Joker(2019)"
7286456,"RT @JMJalel_H: ‚ÄúParis has every reason to bite its fingers in regret‚Äù over its partiality towards Haftar.

We all heard the same fiction in‚Ä¶"
7286456,"RT @WadlleGuy: This is just like )Joker(2019"
7286456,"This is just like )Joker(2019 https://t.co/gPuCk3lgSq"
7286456,"RT @BatsyNANANA: Harley Quinn and Joker (DC Super Hero Girls 2019) #dc #dccomics #dcuniverse #batgirl #dcsuperherogirls #batman #dickgrayso‚Ä¶"
7286456,"@otavio_binder joker (2019)"
7286456,"RT @ameliamcd_: i literally burst into tears when i saw the 2019 exit poll and today i am literally laughing at the labour right trying to‚Ä¶"
7286456,"@the29thtime joker 2019? idk man"
7286456,"RT @CBR: A sequel to Warner Bros.'s 2019 Academy Award-winning film Joker is reportedly still in development.

https://t.co/JVFpBAuDFE http‚Ä¶"
7286456,"RT @Max_Art: Joker - full drawing process from Procreate app on iPad.
October, 2019 üÉèüñçÔ∏è

More artworks are on my Instagram https://t.co/q1M‚Ä¶"
7286456,"RT @thinkingminds1: Joker (2019) https://t.co/zC26EoXlyu"
7798634,"RT @divineysl: princess diana inspired ready or not (2019) and gone girl (2014) actually"
7798634,"RT @HorrorCarnival: Ready or Not (2019) https://t.co/Jq4ZAtg5ub"
7798634,"Dishing it up / with Sharon Insul

Come sit with me for awhile . . .
and see what I‚Äôm bringing to the table ¬Æ

Repo‚Ä¶ https://t.co/jRx4fVmcH7"
7798634,"I think if there is no covid, I am probably not single anymore knowing how ready I was last year for it like I was‚Ä¶ https://t.co/csf44dFlt1"
7798634,"RT @ZinnTruther: It's not strange though is it, from 2017 to 2019 the press was suggesting that Corbyn and Labour activists were an intrins‚Ä¶"
7798634,"RT @cinematogrxphy: the witch (2016) / midsommar (19)
us (2019) / the invisible man (2019)
knives out (2019) / gone girl (2014) ready or no‚Ä¶"
7798634,"RT @MonFrenBebe: From May 7 - May 13th (EST) we will be mass purchasing these songs in hopes of debuting them on the World Digitals Songs C‚Ä¶"
10367276,"@faystarot @111jacs111 @Rat_Licker1984 Oh Dear! ~ Was it that long ago? ~ 1975 ~ Stepford based on Wilton, Connecti‚Ä¶ https://t.co/13baAkoIpP"
10367276,"THE WABBIT AND THE MISSING NOTIFICATIONS: Episode  4. Hardhack Rat's Super Solution https://t.co/Cxt0iNaCl6 https://t.co/eGkZfB664K"
10367276,"@JohnAdamsEbble @SaveStonehenge @CPRE @CPREWilts @RuralK8 @helenmarsden5 The A303 needs to be fixed what ever way..‚Ä¶ https://t.co/lBYIPdmbaO"
10367276,"@jjchamie I stumbled upon the following story https://t.co/XTEmgvLshe. A search for ivermectin haiti brought up a‚Ä¶ https://t.co/88I4bNRr6S"
10367276,"@emconkwright @_fat_ugly_rat_ I‚Äôd go Boyd then. Small city, went for the winning statewide candidates in 2019, etc.‚Ä¶ https://t.co/QUGAJ4sDZ2"
10367276,"@troyeselss @victimbleed THAT RAT WHOSE BIRTHDAY WAS THE SAME DAY WE PLANNED THAT 2019 ST SLEEPOVER MATH THE MATH FATIMA"
10367276,"RT @LSHTMlibrary: You'll find more about the Rat and all the other Gilded Vectors of Disease featured on the balconies of LSHTM's Keppel St‚Ä¶"
10367276,"Just remembered back in 2019 there was this big ass rat in our kitchen at 2 am and i made some weird noises and the‚Ä¶ https://t.co/9HcHutTu62"
10367276,"RT @milevendae: -something really big is actually incredibly likely. the thing also is tho in 2019 after the rat teaser we didn‚Äôt get a ‚Äúwa‚Ä¶"
10367276,"-something really big is actually incredibly likely. the thing also is tho in 2019 after the rat teaser we didn‚Äôt g‚Ä¶ https://t.co/Xn7Evp2sIM"
10367276,"You'll find more about the Rat and all the other Gilded Vectors of Disease featured on the balconies of LSHTM's Kep‚Ä¶ https://t.co/3ZHAJdgcBu"
10367276,"RT @AFPFactCheck: A photo of a Myanmar military helicopter shot down by rebels? ‚ùå

This picture shared thousands of times online this week‚Ä¶"
10367276,"RT @DonLew87: 1/3üî•Rats &amp; Flipsüî•
Will Rudy Giuliani rat anyone out? First, did you know? That Giuliani hired John Pierce's Pierce Bainbridge‚Ä¶"
10367276,"Aren't you glad YOU are the lab rat for their experiment?

https://t.co/aV5qeFZ79D

There is no U.S. Food and Drug‚Ä¶ https://t.co/Y8fSC5borb"
